accuracy,balanced_accuracy,benchmark_config_sha256,class_weight,classifier,development_membership_sha256,experiment_id,feature_count,fit_runtime_seconds,fold,macro_f1,prediction_runtime_seconds,protocol_sha256,random_seed,representation,stage,status,task,training_rows,validation_rows,warning_count,warning_messages,weighted_f1
0.7739573384272525,0.16666666666666666,27e29e4d98984784b26e81cb4dcdf781e77b0b926ab9b9ec7ee3b69a114ea1d8,NONE,DUMMY_MOST_FREQUENT,4f62fdf4164594126c421955804b654cd5d5f8f7b46ada345ae0cffa71460d0f,2aa8a2df90a0de811368,0,0.005576875000770087,1,0.14542952859535774,0.0,85faacae1e7f411d68803653388611c37c62730ea9217e9700a0ad6ac41b7cda,20260809,NONE,REFERENCE,SUCCESS,S6,51891,50256,0,,0.6753375052823585
0.7753084928639008,0.16666666666666666,27e29e4d98984784b26e81cb4dcdf781e77b0b926ab9b9ec7ee3b69a114ea1d8,NONE,DUMMY_MOST_FREQUENT,4f62fdf4164594126c421955804b654cd5d5f8f7b46ada345ae0cffa71460d0f,36591982a60a36c2b778,0,0.010596832998999162,2,0.14557253870343492,0.0,85faacae1e7f411d68803653388611c37c62730ea9217e9700a0ad6ac41b7cda,20260809,NONE,REFERENCE,SUCCESS,S6,103787,49677,0,,0.677181753507192
0.7730499298175255,0.16666666666666666,27e29e4d98984784b26e81cb4dcdf781e77b0b926ab9b9ec7ee3b69a114ea1d8,NONE,DUMMY_MOST_FREQUENT,4f62fdf4164594126c421955804b654cd5d5f8f7b46ada345ae0cffa71460d0f,fc83900c243bee647eb0,0,0.015664332999222097,3,0.14533336349174036,0.0,85faacae1e7f411d68803653388611c37c62730ea9217e9700a0ad6ac41b7cda,20260809,NONE,REFERENCE,SUCCESS,S6,155678,49870,0,,0.674099678684609
0.6157871696911812,0.1681738220287995,27e29e4d98984784b26e81cb4dcdf781e77b0b926ab9b9ec7ee3b69a114ea1d8,NONE,DUMMY_STRATIFIED,4f62fdf4164594126c421955804b654cd5d5f8f7b46ada345ae0cffa71460d0f,bce9cf4fe71c39fd23dd,0,0.008075875000940869,1,0.16743517505987418,0.0,85faacae1e7f411d68803653388611c37c62730ea9217e9700a0ad6ac41b7cda,20260809,NONE,REFERENCE,SUCCESS,S6,51891,50256,0,,0.6156379272156302
0.6149928538357792,0.1678905083163629,27e29e4d98984784b26e81cb4dcdf781e77b0b926ab9b9ec7ee3b69a114ea1d8,NONE,DUMMY_STRATIFIED,4f62fdf4164594126c421955804b654cd5d5f8f7b46ada345ae0cffa71460d0f,d26cd605aefee8422884,0,0.012433624999175663,2,0.16760567274578253,0.0,85faacae1e7f411d68803653388611c37c62730ea9217e9700a0ad6ac41b7cda,20260809,NONE,REFERENCE,SUCCESS,S6,103787,49677,0,,0.6162608508264373
0.6115099258070985,0.16646915091705783,27e29e4d98984784b26e81cb4dcdf781e77b0b926ab9b9ec7ee3b69a114ea1d8,NONE,DUMMY_STRATIFIED,4f62fdf4164594126c421955804b654cd5d5f8f7b46ada345ae0cffa71460d0f,c2cbb68eada432d3ad83,0,0.01749333400039177,3,0.16633290170144852,0.0,85faacae1e7f411d68803653388611c37c62730ea9217e9700a0ad6ac41b7cda,20260809,NONE,REFERENCE,SUCCESS,S6,155678,49870,0,,0.6120033358208267
0.7739573384272525,0.3333333333333333,27e29e4d98984784b26e81cb4dcdf781e77b0b926ab9b9ec7ee3b69a114ea1d8,NONE,DUMMY_MOST_FREQUENT,4f62fdf4164594126c421955804b654cd5d5f8f7b46ada345ae0cffa71460d0f,c801855aec69cd0fce1e,0,0.0050281250005355105,1,0.2908590571907155,0.0,85faacae1e7f411d68803653388611c37c62730ea9217e9700a0ad6ac41b7cda,20260809,NONE,REFERENCE,SUCCESS,S3,51891,50256,0,,0.6753375052823585
0.7753084928639008,0.3333333333333333,27e29e4d98984784b26e81cb4dcdf781e77b0b926ab9b9ec7ee3b69a114ea1d8,NONE,DUMMY_MOST_FREQUENT,4f62fdf4164594126c421955804b654cd5d5f8f7b46ada345ae0cffa71460d0f,3a16c9d2758495ac1cb7,0,0.009121875000346336,2,0.29114507740686985,0.0,85faacae1e7f411d68803653388611c37c62730ea9217e9700a0ad6ac41b7cda,20260809,NONE,REFERENCE,SUCCESS,S3,103787,49677,0,,0.677181753507192
0.7730499298175255,0.3333333333333333,27e29e4d98984784b26e81cb4dcdf781e77b0b926ab9b9ec7ee3b69a114ea1d8,NONE,DUMMY_MOST_FREQUENT,4f62fdf4164594126c421955804b654cd5d5f8f7b46ada345ae0cffa71460d0f,960e82378e07a474d78a,0,0.01369166599943128,3,0.2906667269834807,0.0,85faacae1e7f411d68803653388611c37c62730ea9217e9700a0ad6ac41b7cda,20260809,NONE,REFERENCE,SUCCESS,S3,155678,49870,0,,0.674099678684609
0.6339342566061764,0.33554776163883543,27e29e4d98984784b26e81cb4dcdf781e77b0b926ab9b9ec7ee3b69a114ea1d8,NONE,DUMMY_STRATIFIED,4f62fdf4164594126c421955804b654cd5d5f8f7b46ada345ae0cffa71460d0f,2ade86a78e4a4b6d0467,0,0.006466958000601153,1,0.33498290979151,0.0,85faacae1e7f411d68803653388611c37c62730ea9217e9700a0ad6ac41b7cda,20260809,NONE,REFERENCE,SUCCESS,S3,51891,50256,0,,0.6316527872263296
0.629627392958512,0.33212914359690376,27e29e4d98984784b26e81cb4dcdf781e77b0b926ab9b9ec7ee3b69a114ea1d8,NONE,DUMMY_STRATIFIED,4f62fdf4164594126c421955804b654cd5d5f8f7b46ada345ae0cffa71460d0f,bd1fc13318dd7fe6d30c,0,0.01044016699961503,2,0.33153352113333073,0.0,85faacae1e7f411d68803653388611c37c62730ea9217e9700a0ad6ac41b7cda,20260809,NONE,REFERENCE,SUCCESS,S3,103787,49677,0,,0.6287157649361066
0.6281331461800682,0.3342377910225826,27e29e4d98984784b26e81cb4dcdf781e77b0b926ab9b9ec7ee3b69a114ea1d8,NONE,DUMMY_STRATIFIED,4f62fdf4164594126c421955804b654cd5d5f8f7b46ada345ae0cffa71460d0f,b3f8ef2eefd847022d6b,0,0.014738375000888482,3,0.33418951943802616,0.0,85faacae1e7f411d68803653388611c37c62730ea9217e9700a0ad6ac41b7cda,20260809,NONE,REFERENCE,SUCCESS,S3,155678,49870,0,,0.6272734464314776
0.8424665711556829,0.5,27e29e4d98984784b26e81cb4dcdf781e77b0b926ab9b9ec7ee3b69a114ea1d8,NONE,DUMMY_MOST_FREQUENT,4f62fdf4164594126c421955804b654cd5d5f8f7b46ada345ae0cffa71460d0f,dacb56316b8fa5dc459f,0,0.0065484579990879865,1,0.45724931151790055,0.0,85faacae1e7f411d68803653388611c37c62730ea9217e9700a0ad6ac41b7cda,20260809,NONE,REFERENCE,SUCCESS,S2,51891,50256,0,,0.7704345192755647
0.8515610846065583,0.5,27e29e4d98984784b26e81cb4dcdf781e77b0b926ab9b9ec7ee3b69a114ea1d8,NONE,DUMMY_MOST_FREQUENT,4f62fdf4164594126c421955804b654cd5d5f8f7b46ada345ae0cffa71460d0f,89ff1fd2e59ac4d29844,0,0.011962083999605966,2,0.45991519895629485,0.0,85faacae1e7f411d68803653388611c37c62730ea9217e9700a0ad6ac41b7cda,20260809,NONE,REFERENCE,SUCCESS,S2,103787,49677,0,,0.783291771300527
0.8495488269500702,0.5,27e29e4d98984784b26e81cb4dcdf781e77b0b926ab9b9ec7ee3b69a114ea1d8,NONE,DUMMY_MOST_FREQUENT,4f62fdf4164594126c421955804b654cd5d5f8f7b46ada345ae0cffa71460d0f,289cb5effa7f1ec5816e,0,0.018641958000443992,3,0.4593276017216518,0.0,85faacae1e7f411d68803653388611c37c62730ea9217e9700a0ad6ac41b7cda,20260809,NONE,REFERENCE,SUCCESS,S2,155678,49870,0,,0.7804424504568367
0.7215058898439988,0.4970137593031134,27e29e4d98984784b26e81cb4dcdf781e77b0b926ab9b9ec7ee3b69a114ea1d8,NONE,DUMMY_STRATIFIED,4f62fdf4164594126c421955804b654cd5d5f8f7b46ada345ae0cffa71460d0f,53f674e5329327382231,0,0.00709166699925845,1,0.4968825072826339,0.0,85faacae1e7f411d68803653388611c37c62730ea9217e9700a0ad6ac41b7cda,20260809,NONE,REFERENCE,SUCCESS,S2,51891,50256,0,,0.7271381974114993
0.7332165791009924,0.4989284749890398,27e29e4d98984784b26e81cb4dcdf781e77b0b926ab9b9ec7ee3b69a114ea1d8,NONE,DUMMY_STRATIFIED,4f62fdf4164594126c421955804b654cd5d5f8f7b46ada345ae0cffa71460d0f,0af1106af369901155f6,0,0.012863292000474758,2,0.49863892354904915,0.0,85faacae1e7f411d68803653388611c37c62730ea9217e9700a0ad6ac41b7cda,20260809,NONE,REFERENCE,SUCCESS,S2,103787,49677,0,,0.739767909151575
0.7349107679967917,0.49685544622286093,27e29e4d98984784b26e81cb4dcdf781e77b0b926ab9b9ec7ee3b69a114ea1d8,NONE,DUMMY_STRATIFIED,4f62fdf4164594126c421955804b654cd5d5f8f7b46ada345ae0cffa71460d0f,b8c008ef70e71719a25a,0,0.01849654199941142,3,0.49682873488068885,0.0,85faacae1e7f411d68803653388611c37c62730ea9217e9700a0ad6ac41b7cda,20260809,NONE,REFERENCE,SUCCESS,S2,155678,49870,0,,0.7387973683508325
0.758098535498249,0.19347311124608932,27e29e4d98984784b26e81cb4dcdf781e77b0b926ab9b9ec7ee3b69a114ea1d8,NONE,LINEARSVC,4f62fdf4164594126c421955804b654cd5d5f8f7b46ada345ae0cffa71460d0f,628cd50e728ac17205b0,150000,2.349742292000883,1,0.19556328903669687,0.0259061249998922,85faacae1e7f411d68803653388611c37c62730ea9217e9700a0ad6ac41b7cda,20260809,WORD,COMPETITIVE,SUCCESS,S6,51891,50256,0,,0.6892663644609165
0.698404170646291,0.22609374011169378,27e29e4d98984784b26e81cb4dcdf781e77b0b926ab9b9ec7ee3b69a114ea1d8,BALANCED,LINEARSVC,4f62fdf4164594126c421955804b654cd5d5f8f7b46ada345ae0cffa71460d0f,d15846f2802f686b853d,150000,4.563910666000083,1,0.23016008390648576,0.025569500001438428,85faacae1e7f411d68803653388611c37c62730ea9217e9700a0ad6ac41b7cda,20260809,WORD,COMPETITIVE,SUCCESS,S6,51891,50256,0,,0.6757429271526451
0.7562679083094556,0.3929584185713932,27e29e4d98984784b26e81cb4dcdf781e77b0b926ab9b9ec7ee3b69a114ea1d8,NONE,LINEARSVC,4f62fdf4164594126c421955804b654cd5d5f8f7b46ada345ae0cffa71460d0f,5b115b412e645f45a88f,150000,1.64031283300028,1,0.3927930289509061,0.021736124999733875,85faacae1e7f411d68803653388611c37c62730ea9217e9700a0ad6ac41b7cda,20260809,WORD,COMPETITIVE,SUCCESS,S3,51891,50256,0,,0.711567686597779
0.7202921044253422,0.41904029935714737,27e29e4d98984784b26e81cb4dcdf781e77b0b926ab9b9ec7ee3b69a114ea1d8,BALANCED,LINEARSVC,4f62fdf4164594126c421955804b654cd5d5f8f7b46ada345ae0cffa71460d0f,76ff63a686d3b898524d,150000,2.6386807919989224,1,0.42041900200448884,0.02166183299959812,85faacae1e7f411d68803653388611c37c62730ea9217e9700a0ad6ac41b7cda,20260809,WORD,COMPETITIVE,SUCCESS,S3,51891,50256,0,,0.702085450946027
0.8443369945877109,0.5415192265112979,27e29e4d98984784b26e81cb4dcdf781e77b0b926ab9b9ec7ee3b69a114ea1d8,NONE,LOGREG,4f62fdf4164594126c421955804b654cd5d5f8f7b46ada345ae0cffa71460d0f,0f36bd549c0c338eb70a,150000,0.6313040420009202,1,0.5408208678068873,0.006339083000057144,85faacae1e7f411d68803653388611c37c62730ea9217e9700a0ad6ac41b7cda,20260809,WORD,COMPETITIVE,SUCCESS,S2,51891,50256,0,,0.7965205206630392
0.7276743075453678,0.6673944756026085,27e29e4d98984784b26e81cb4dcdf781e77b0b926ab9b9ec7ee3b69a114ea1d8,BALANCED,LOGREG,4f62fdf4164594126c421955804b654cd5d5f8f7b46ada345ae0cffa71460d0f,881a1e1df35a9f5393cf,150000,0.5214388330005022,1,0.6125322304113933,0.006608959000004688,85faacae1e7f411d68803653388611c37c62730ea9217e9700a0ad6ac41b7cda,20260809,WORD,COMPETITIVE,SUCCESS,S2,51891,50256,0,,0.7572037364380273
0.8286572747532633,0.5851508978743102,27e29e4d98984784b26e81cb4dcdf781e77b0b926ab9b9ec7ee3b69a114ea1d8,NONE,LINEARSVC,4f62fdf4164594126c421955804b654cd5d5f8f7b46ada345ae0cffa71460d0f,7814275a06b7cdf788f7,150000,0.5754194159999315,1,0.5996652727034989,0.006307625000772532,85faacae1e7f411d68803653388611c37c62730ea9217e9700a0ad6ac41b7cda,20260809,WORD,COMPETITIVE,SUCCESS,S2,51891,50256,0,,0.8070467532622346
0.7700772047118752,0.6297131479624021,27e29e4d98984784b26e81cb4dcdf781e77b0b926ab9b9ec7ee3b69a114ea1d8,BALANCED,LINEARSVC,4f62fdf4164594126c421955804b654cd5d5f8f7b46ada345ae0cffa71460d0f,9bd7a0dcfac847dea880,150000,1.1726048749987967,1,0.6137020988445063,0.006464083000537357,85faacae1e7f411d68803653388611c37c62730ea9217e9700a0ad6ac41b7cda,20260809,WORD,COMPETITIVE,SUCCESS,S2,51891,50256,0,,0.7820443629310292
0.772743553008596,0.1794468532838801,27e29e4d98984784b26e81cb4dcdf781e77b0b926ab9b9ec7ee3b69a114ea1d8,NONE,LOGREG,4f62fdf4164594126c421955804b654cd5d5f8f7b46ada345ae0cffa71460d0f,e83220986488e9333d56,150000,9.344849250001062,1,0.17152463120410158,0.024850624999089632,85faacae1e7f411d68803653388611c37c62730ea9217e9700a0ad6ac41b7cda,20260809,WORD,COMPETITIVE,SUCCESS,S6,51891,50256,0,,0.6837044823002346
0.5044571792422795,0.2971766968678205,27e29e4d98984784b26e81cb4dcdf781e77b0b926ab9b9ec7ee3b69a114ea1d8,BALANCED,LOGREG,4f62fdf4164594126c421955804b654cd5d5f8f7b46ada345ae0cffa71460d0f,4a65c414fa2bb0136432,150000,13.888093667001158,1,0.24274935412313134,0.02568545800022548,85faacae1e7f411d68803653388611c37c62730ea9217e9700a0ad6ac41b7cda,20260809,WORD,COMPETITIVE,SUCCESS,S6,51891,50256,0,,0.5654851932857148
0.7740767271569564,0.37305150121803715,27e29e4d98984784b26e81cb4dcdf781e77b0b926ab9b9ec7ee3b69a114ea1d8,NONE,LOGREG,4f62fdf4164594126c421955804b654cd5d5f8f7b46ada345ae0cffa71460d0f,f3fcf7264a2b93500d8e,150000,4.075494541999433,1,0.3664932111427473,0.02141829200081702,85faacae1e7f411d68803653388611c37c62730ea9217e9700a0ad6ac41b7cda,20260809,WORD,COMPETITIVE,SUCCESS,S3,51891,50256,0,,0.7090967109998443
0.6130412289079911,0.4942694553507921,27e29e4d98984784b26e81cb4dcdf781e77b0b926ab9b9ec7ee3b69a114ea1d8,BALANCED,LOGREG,4f62fdf4164594126c421955804b654cd5d5f8f7b46ada345ae0cffa71460d0f,e7c0a9925e7a44fab67b,150000,6.192691791999096,1,0.44764069385814925,0.021540458999879775,85faacae1e7f411d68803653388611c37c62730ea9217e9700a0ad6ac41b7cda,20260809,WORD,COMPETITIVE,SUCCESS,S3,51891,50256,0,,0.6431430690203769
0.7612623368354028,0.1929821137581745,27e29e4d98984784b26e81cb4dcdf781e77b0b926ab9b9ec7ee3b69a114ea1d8,NONE,LINEARSVC,4f62fdf4164594126c421955804b654cd5d5f8f7b46ada345ae0cffa71460d0f,d0aa98db728e166d457f,150000,13.513095000000249,1,0.19535600769013708,0.1754861659992457,85faacae1e7f411d68803653388611c37c62730ea9217e9700a0ad6ac41b7cda,20260809,CHAR,COMPETITIVE,SUCCESS,S6,51891,50256,0,,0.6890653758341646
0.6579711875198981,0.24867121562646047,27e29e4d98984784b26e81cb4dcdf781e77b0b926ab9b9ec7ee3b69a114ea1d8,BALANCED,LINEARSVC,4f62fdf4164594126c421955804b654cd5d5f8f7b46ada345ae0cffa71460d0f,52730768a199d8a2c871,150000,26.140963290999935,1,0.2440066779602653,0.18686416700074915,85faacae1e7f411d68803653388611c37c62730ea9217e9700a0ad6ac41b7cda,20260809,CHAR,COMPETITIVE,SUCCESS,S6,51891,50256,0,,0.6593531746743874
0.761899076727157,0.3920991469980026,27e29e4d98984784b26e81cb4dcdf781e77b0b926ab9b9ec7ee3b69a114ea1d8,NONE,LINEARSVC,4f62fdf4164594126c421955804b654cd5d5f8f7b46ada345ae0cffa71460d0f,dc164250814ba177bd64,150000,9.22281679200023,1,0.3932933626399761,0.1549678750016028,85faacae1e7f411d68803653388611c37c62730ea9217e9700a0ad6ac41b7cda,20260809,CHAR,COMPETITIVE,SUCCESS,S3,51891,50256,0,,0.7138793734551946
0.6989215218083413,0.43562154257293556,27e29e4d98984784b26e81cb4dcdf781e77b0b926ab9b9ec7ee3b69a114ea1d8,BALANCED,LINEARSVC,4f62fdf4164594126c421955804b654cd5d5f8f7b46ada345ae0cffa71460d0f,a175c10305c52545908b,150000,14.936988084000404,1,0.4366152543381004,0.15742695799963258,85faacae1e7f411d68803653388611c37c62730ea9217e9700a0ad6ac41b7cda,20260809,CHAR,COMPETITIVE,SUCCESS,S3,51891,50256,0,,0.6945642083012175
0.8450135307226998,0.5479795511106823,27e29e4d98984784b26e81cb4dcdf781e77b0b926ab9b9ec7ee3b69a114ea1d8,NONE,LOGREG,4f62fdf4164594126c421955804b654cd5d5f8f7b46ada345ae0cffa71460d0f,391da4b7479bda106e71,150000,5.333764457998768,1,0.5514429962541093,0.04851170800066029,85faacae1e7f411d68803653388611c37c62730ea9217e9700a0ad6ac41b7cda,20260809,CHAR,COMPETITIVE,SUCCESS,S2,51891,50256,0,,0.799992690955583
0.7051297357529449,0.676349796716932,27e29e4d98984784b26e81cb4dcdf781e77b0b926ab9b9ec7ee3b69a114ea1d8,BALANCED,LOGREG,4f62fdf4164594126c421955804b654cd5d5f8f7b46ada345ae0cffa71460d0f,278a1319d8c5b5606d69,150000,4.525832625000476,1,0.604041112261046,0.0489995000007184,85faacae1e7f411d68803653388611c37c62730ea9217e9700a0ad6ac41b7cda,20260809,CHAR,COMPETITIVE,SUCCESS,S2,51891,50256,0,,0.7410738613587556
0.8326766953199618,0.5807074148918425,27e29e4d98984784b26e81cb4dcdf781e77b0b926ab9b9ec7ee3b69a114ea1d8,NONE,LINEARSVC,4f62fdf4164594126c421955804b654cd5d5f8f7b46ada345ae0cffa71460d0f,e1a15727bf1f33696c84,150000,3.0532306660006725,1,0.5956674685944202,0.04863791699972353,85faacae1e7f411d68803653388611c37c62730ea9217e9700a0ad6ac41b7cda,20260809,CHAR,COMPETITIVE,SUCCESS,S2,51891,50256,0,,0.8076988536386438
0.7325891435848456,0.6403254650224306,27e29e4d98984784b26e81cb4dcdf781e77b0b926ab9b9ec7ee3b69a114ea1d8,BALANCED,LINEARSVC,4f62fdf4164594126c421955804b654cd5d5f8f7b46ada345ae0cffa71460d0f,01ad29f12778892cb611,150000,6.556404875000226,1,0.6016786717031893,0.04882283400002052,85faacae1e7f411d68803653388611c37c62730ea9217e9700a0ad6ac41b7cda,20260809,CHAR,COMPETITIVE,SUCCESS,S2,51891,50256,0,,0.758084220386344
0.7724649793059535,0.18040820302042573,27e29e4d98984784b26e81cb4dcdf781e77b0b926ab9b9ec7ee3b69a114ea1d8,NONE,LOGREG,4f62fdf4164594126c421955804b654cd5d5f8f7b46ada345ae0cffa71460d0f,ec551ed1c3ddf15fe53e,150000,39.16096812500109,1,0.17349716245847666,0.17214079099903756,85faacae1e7f411d68803653388611c37c62730ea9217e9700a0ad6ac41b7cda,20260809,CHAR,COMPETITIVE,SUCCESS,S6,51891,50256,0,,0.6844816011288942
0.40952324100604903,0.32371873915286226,27e29e4d98984784b26e81cb4dcdf781e77b0b926ab9b9ec7ee3b69a114ea1d8,BALANCED,LOGREG,4f62fdf4164594126c421955804b654cd5d5f8f7b46ada345ae0cffa71460d0f,7b3f222ec87be0b9c0e7,150000,67.55127808399993,1,0.22353945435168032,0.1731095830000413,85faacae1e7f411d68803653388611c37c62730ea9217e9700a0ad6ac41b7cda,20260809,CHAR,COMPETITIVE,SUCCESS,S6,51891,50256,0,,0.48697897101458265
0.7741563196434257,0.37524957635012784,27e29e4d98984784b26e81cb4dcdf781e77b0b926ab9b9ec7ee3b69a114ea1d8,NONE,LOGREG,4f62fdf4164594126c421955804b654cd5d5f8f7b46ada345ae0cffa71460d0f,998df75b4f81cb6a6ab7,150000,26.04931250000118,1,0.3699676842048611,0.15483437500006403,85faacae1e7f411d68803653388611c37c62730ea9217e9700a0ad6ac41b7cda,20260809,CHAR,COMPETITIVE,SUCCESS,S3,51891,50256,0,,0.7104333891212964
0.551536134988857,0.5184610168489916,27e29e4d98984784b26e81cb4dcdf781e77b0b926ab9b9ec7ee3b69a114ea1d8,BALANCED,LOGREG,4f62fdf4164594126c421955804b654cd5d5f8f7b46ada345ae0cffa71460d0f,cdce13d10bcb63c79bff,150000,31.908703666000292,1,0.4317926290550047,0.1545035420003842,85faacae1e7f411d68803653388611c37c62730ea9217e9700a0ad6ac41b7cda,20260809,CHAR,COMPETITIVE,SUCCESS,S3,51891,50256,0,,0.5952842428812811
0.7442295447309774,0.20397370492693767,27e29e4d98984784b26e81cb4dcdf781e77b0b926ab9b9ec7ee3b69a114ea1d8,NONE,LINEARSVC,4f62fdf4164594126c421955804b654cd5d5f8f7b46ada345ae0cffa71460d0f,85de656ded0a21b8a347,150000,16.366552040999522,1,0.211029333139237,0.18530449999889242,85faacae1e7f411d68803653388611c37c62730ea9217e9700a0ad6ac41b7cda,20260809,WORD_CHAR,COMPETITIVE,SUCCESS,S6,51891,50256,0,,0.6884129784945532
0.6800581025151226,0.23509499013625976,27e29e4d98984784b26e81cb4dcdf781e77b0b926ab9b9ec7ee3b69a114ea1d8,BALANCED,LINEARSVC,4f62fdf4164594126c421955804b654cd5d5f8f7b46ada345ae0cffa71460d0f,b7551de17290c5aebcd1,150000,33.12495333299921,1,0.23885220988535014,0.1848182089997863,85faacae1e7f411d68803653388611c37c62730ea9217e9700a0ad6ac41b7cda,20260809,WORD_CHAR,COMPETITIVE,SUCCESS,S6,51891,50256,0,,0.668735355480425
0.7434336198662846,0.4005671354756632,27e29e4d98984784b26e81cb4dcdf781e77b0b926ab9b9ec7ee3b69a114ea1d8,NONE,LINEARSVC,4f62fdf4164594126c421955804b654cd5d5f8f7b46ada345ae0cffa71460d0f,b1ea61c07f633973016d,150000,11.587904250000065,1,0.4030325476649639,0.16333420800037857,85faacae1e7f411d68803653388611c37c62730ea9217e9700a0ad6ac41b7cda,20260809,WORD_CHAR,COMPETITIVE,SUCCESS,S3,51891,50256,0,,0.7082553485038904
0.7050501432664756,0.42299463123993775,27e29e4d98984784b26e81cb4dcdf781e77b0b926ab9b9ec7ee3b69a114ea1d8,BALANCED,LINEARSVC,4f62fdf4164594126c421955804b654cd5d5f8f7b46ada345ae0cffa71460d0f,586120177db68fc07ef6,150000,19.549811750001027,1,0.42397547017741727,0.16583204199923784,85faacae1e7f411d68803653388611c37c62730ea9217e9700a0ad6ac41b7cda,20260809,WORD_CHAR,COMPETITIVE,SUCCESS,S3,51891,50256,0,,0.6947283271188811
0.8438992359121299,0.5641082965376781,27e29e4d98984784b26e81cb4dcdf781e77b0b926ab9b9ec7ee3b69a114ea1d8,NONE,LOGREG,4f62fdf4164594126c421955804b654cd5d5f8f7b46ada345ae0cffa71460d0f,55010d3b3b56a107cd8b,150000,7.044515666000734,1,0.5760219767588659,0.052648416998636094,85faacae1e7f411d68803653388611c37c62730ea9217e9700a0ad6ac41b7cda,20260809,WORD_CHAR,COMPETITIVE,SUCCESS,S2,51891,50256,0,,0.8068495987223088
0.7342605858007004,0.6702764853247289,27e29e4d98984784b26e81cb4dcdf781e77b0b926ab9b9ec7ee3b69a114ea1d8,BALANCED,LOGREG,4f62fdf4164594126c421955804b654cd5d5f8f7b46ada345ae0cffa71460d0f,540435d3cd645a37eee9,150000,6.6638785830000415,1,0.6174933217674485,0.05294016700099746,85faacae1e7f411d68803653388611c37c62730ea9217e9700a0ad6ac41b7cda,20260809,WORD_CHAR,COMPETITIVE,SUCCESS,S2,51891,50256,0,,0.7622465454701386
0.8183301496338745,0.5915501704734913,27e29e4d98984784b26e81cb4dcdf781e77b0b926ab9b9ec7ee3b69a114ea1d8,NONE,LINEARSVC,4f62fdf4164594126c421955804b654cd5d5f8f7b46ada345ae0cffa71460d0f,80bf2c7c09f78713e177,150000,3.942112459000782,1,0.603259555255925,0.052391458999409224,85faacae1e7f411d68803653388611c37c62730ea9217e9700a0ad6ac41b7cda,20260809,WORD_CHAR,COMPETITIVE,SUCCESS,S2,51891,50256,0,,0.8033341458098892
0.7637496020375677,0.6271900441680321,27e29e4d98984784b26e81cb4dcdf781e77b0b926ab9b9ec7ee3b69a114ea1d8,BALANCED,LINEARSVC,4f62fdf4164594126c421955804b654cd5d5f8f7b46ada345ae0cffa71460d0f,a17ee859e140b1033bde,150000,8.568780375000642,1,0.6091220698529509,0.05292650000046706,85faacae1e7f411d68803653388611c37c62730ea9217e9700a0ad6ac41b7cda,20260809,WORD_CHAR,COMPETITIVE,SUCCESS,S2,51891,50256,0,,0.7775104691335001
0.7707736389684814,0.18843207420186225,27e29e4d98984784b26e81cb4dcdf781e77b0b926ab9b9ec7ee3b69a114ea1d8,NONE,LOGREG,4f62fdf4164594126c421955804b654cd5d5f8f7b46ada345ae0cffa71460d0f,6f73c0321c91ef40a996,150000,48.28861587500069,1,0.18795415273426155,0.20908362500085786,85faacae1e7f411d68803653388611c37c62730ea9217e9700a0ad6ac41b7cda,20260809,WORD_CHAR,COMPETITIVE,SUCCESS,S6,51891,50256,0,,0.6896654477154642
0.5011540910538045,0.301019628956478,27e29e4d98984784b26e81cb4dcdf781e77b0b926ab9b9ec7ee3b69a114ea1d8,BALANCED,LOGREG,4f62fdf4164594126c421955804b654cd5d5f8f7b46ada345ae0cffa71460d0f,010361240648ce40d372,150000,54.48016420800013,1,0.2436169340597213,0.19722066599933896,85faacae1e7f411d68803653388611c37c62730ea9217e9700a0ad6ac41b7cda,20260809,WORD_CHAR,COMPETITIVE,SUCCESS,S6,51891,50256,0,,0.5635871021747545
0.7704353709009869,0.3873322393219969,27e29e4d98984784b26e81cb4dcdf781e77b0b926ab9b9ec7ee3b69a114ea1d8,NONE,LOGREG,4f62fdf4164594126c421955804b654cd5d5f8f7b46ada345ae0cffa71460d0f,72db01eec3a4c96de963,150000,24.927656500000012,1,0.3868867581437641,0.18681791699964378,85faacae1e7f411d68803653388611c37c62730ea9217e9700a0ad6ac41b7cda,20260809,WORD_CHAR,COMPETITIVE,SUCCESS,S3,51891,50256,0,,0.715601992497915
0.6153096147723655,0.4953187188256109,27e29e4d98984784b26e81cb4dcdf781e77b0b926ab9b9ec7ee3b69a114ea1d8,BALANCED,LOGREG,4f62fdf4164594126c421955804b654cd5d5f8f7b46ada345ae0cffa71460d0f,2f39463a63a116602d5b,150000,40.08849037500113,1,0.4490542980407026,0.16939025000101537,85faacae1e7f411d68803653388611c37c62730ea9217e9700a0ad6ac41b7cda,20260809,WORD_CHAR,COMPETITIVE,SUCCESS,S3,51891,50256,0,,0.6455168878217423
0.7623648771061055,0.20197053947381008,27e29e4d98984784b26e81cb4dcdf781e77b0b926ab9b9ec7ee3b69a114ea1d8,NONE,LINEARSVC,4f62fdf4164594126c421955804b654cd5d5f8f7b46ada345ae0cffa71460d0f,507e665850280165ec63,150000,5.146966332999,2,0.21239140430237305,0.03046850000100676,85faacae1e7f411d68803653388611c37c62730ea9217e9700a0ad6ac41b7cda,20260809,WORD,COMPETITIVE,SUCCESS,S6,103787,49677,0,,0.6947330052592176
0.6969422469150713,0.2540740192073387,27e29e4d98984784b26e81cb4dcdf781e77b0b926ab9b9ec7ee3b69a114ea1d8,BALANCED,LINEARSVC,4f62fdf4164594126c421955804b654cd5d5f8f7b46ada345ae0cffa71460d0f,2f3adb5bd3bcabcba3ae,150000,10.43149112500032,2,0.26251470019397033,0.02714354199997615,85faacae1e7f411d68803653388611c37c62730ea9217e9700a0ad6ac41b7cda,20260809,WORD,COMPETITIVE,SUCCESS,S6,103787,49677,0,,0.6816570342136414
0.763592809549691,0.40170307893907836,27e29e4d98984784b26e81cb4dcdf781e77b0b926ab9b9ec7ee3b69a114ea1d8,NONE,LINEARSVC,4f62fdf4164594126c421955804b654cd5d5f8f7b46ada345ae0cffa71460d0f,650edb27b6039dc6248b,150000,3.5663058749996708,2,0.41179321851235096,0.022325666999677196,85faacae1e7f411d68803653388611c37c62730ea9217e9700a0ad6ac41b7cda,20260809,WORD,COMPETITIVE,SUCCESS,S3,103787,49677,0,,0.7174429483265895
0.7224470076695453,0.44175234863859675,27e29e4d98984784b26e81cb4dcdf781e77b0b926ab9b9ec7ee3b69a114ea1d8,BALANCED,LINEARSVC,4f62fdf4164594126c421955804b654cd5d5f8f7b46ada345ae0cffa71460d0f,13451b154ea62a3b6d28,150000,5.82686483299949,2,0.45082059924585843,0.022255208999922615,85faacae1e7f411d68803653388611c37c62730ea9217e9700a0ad6ac41b7cda,20260809,WORD,COMPETITIVE,SUCCESS,S3,103787,49677,0,,0.7091097426038557
0.8561708637800189,0.5450323153009036,27e29e4d98984784b26e81cb4dcdf781e77b0b926ab9b9ec7ee3b69a114ea1d8,NONE,LOGREG,4f62fdf4164594126c421955804b654cd5d5f8f7b46ada345ae0cffa71460d0f,9f71a102af1e4ea2e468,150000,1.7114717500007828,2,0.5479387782726325,0.00667441699988558,85faacae1e7f411d68803653388611c37c62730ea9217e9700a0ad6ac41b7cda,20260809,WORD,COMPETITIVE,SUCCESS,S2,103787,49677,0,,0.8104019307516062
0.7621031865853413,0.6781937639740978,27e29e4d98984784b26e81cb4dcdf781e77b0b926ab9b9ec7ee3b69a114ea1d8,BALANCED,LOGREG,4f62fdf4164594126c421955804b654cd5d5f8f7b46ada345ae0cffa71460d0f,5a50daa7a3dcb5e2b41d,150000,1.697048915999403,2,0.6309135586656933,0.006750459000613773,85faacae1e7f411d68803653388611c37c62730ea9217e9700a0ad6ac41b7cda,20260809,WORD,COMPETITIVE,SUCCESS,S2,103787,49677,0,,0.7856328926159712
0.8450389516275137,0.580149951567008,27e29e4d98984784b26e81cb4dcdf781e77b0b926ab9b9ec7ee3b69a114ea1d8,NONE,LINEARSVC,4f62fdf4164594126c421955804b654cd5d5f8f7b46ada345ae0cffa71460d0f,dfda6524ae2c639ef160,150000,1.211825417,2,0.5967981266554941,0.006509208998977556,85faacae1e7f411d68803653388611c37c62730ea9217e9700a0ad6ac41b7cda,20260809,WORD,COMPETITIVE,SUCCESS,S2,103787,49677,0,,0.8192462083263342
0.7846890915312922,0.6350770191420194,27e29e4d98984784b26e81cb4dcdf781e77b0b926ab9b9ec7ee3b69a114ea1d8,BALANCED,LINEARSVC,4f62fdf4164594126c421955804b654cd5d5f8f7b46ada345ae0cffa71460d0f,1a9657dd6cb0ac00d8d7,150000,2.6833267919992068,2,0.6191197630769443,0.006674374999420252,85faacae1e7f411d68803653388611c37c62730ea9217e9700a0ad6ac41b7cda,20260809,WORD,COMPETITIVE,SUCCESS,S2,103787,49677,0,,0.7956889650914747
0.7754292731042535,0.1776979040773179,27e29e4d98984784b26e81cb4dcdf781e77b0b926ab9b9ec7ee3b69a114ea1d8,NONE,LOGREG,4f62fdf4164594126c421955804b654cd5d5f8f7b46ada345ae0cffa71460d0f,7bfa407545e1839a1c00,150000,20.830567750001137,2,0.16830570924057442,0.029711125000176253,85faacae1e7f411d68803653388611c37c62730ea9217e9700a0ad6ac41b7cda,20260809,WORD,COMPETITIVE,SUCCESS,S6,103787,49677,0,,0.6872205098756531
0.5001509753004408,0.3429934403003651,27e29e4d98984784b26e81cb4dcdf781e77b0b926ab9b9ec7ee3b69a114ea1d8,BALANCED,LOGREG,4f62fdf4164594126c421955804b654cd5d5f8f7b46ada345ae0cffa71460d0f,97eb39d7e371a109dc18,150000,32.69283079200068,2,0.2622544043101382,0.025290125000537955,85faacae1e7f411d68803653388611c37c62730ea9217e9700a0ad6ac41b7cda,20260809,WORD,COMPETITIVE,SUCCESS,S6,103787,49677,0,,0.5639021301948064
0.7791130704350102,0.37976001221283046,27e29e4d98984784b26e81cb4dcdf781e77b0b926ab9b9ec7ee3b69a114ea1d8,NONE,LOGREG,4f62fdf4164594126c421955804b654cd5d5f8f7b46ada345ae0cffa71460d0f,b63891b19d76ff0cc13e,150000,11.272826958000223,2,0.3796014950452811,0.022302708001006977,85faacae1e7f411d68803653388611c37c62730ea9217e9700a0ad6ac41b7cda,20260809,WORD,COMPETITIVE,SUCCESS,S3,103787,49677,0,,0.7133945200696574
0.6152142842764257,0.53010605862978,27e29e4d98984784b26e81cb4dcdf781e77b0b926ab9b9ec7ee3b69a114ea1d8,BALANCED,LOGREG,4f62fdf4164594126c421955804b654cd5d5f8f7b46ada345ae0cffa71460d0f,bbb6f135b32f03b94126,150000,14.127496667000742,2,0.46867241085738715,0.022264582999923732,85faacae1e7f411d68803653388611c37c62730ea9217e9700a0ad6ac41b7cda,20260809,WORD,COMPETITIVE,SUCCESS,S3,103787,49677,0,,0.6488118266220215
0.7691285705658554,0.18962433746292898,27e29e4d98984784b26e81cb4dcdf781e77b0b926ab9b9ec7ee3b69a114ea1d8,NONE,LINEARSVC,4f62fdf4164594126c421955804b654cd5d5f8f7b46ada345ae0cffa71460d0f,a1bb8ab4d54857bd8471,150000,29.631196750000527,2,0.19133630650786834,0.17373674999907962,85faacae1e7f411d68803653388611c37c62730ea9217e9700a0ad6ac41b7cda,20260809,CHAR,COMPETITIVE,SUCCESS,S6,103787,49677,0,,0.6925304600398782
0.6673309579886064,0.26849446273577987,27e29e4d98984784b26e81cb4dcdf781e77b0b926ab9b9ec7ee3b69a114ea1d8,BALANCED,LINEARSVC,4f62fdf4164594126c421955804b654cd5d5f8f7b46ada345ae0cffa71460d0f,e19177f9fb479414ef2c,150000,60.68058020799981,2,0.26129915523287683,0.17418333400019037,85faacae1e7f411d68803653388611c37c62730ea9217e9700a0ad6ac41b7cda,20260809,CHAR,COMPETITIVE,SUCCESS,S6,103787,49677,0,,0.6683748162857497
0.7706181935302051,0.3893317438821324,27e29e4d98984784b26e81cb4dcdf781e77b0b926ab9b9ec7ee3b69a114ea1d8,NONE,LINEARSVC,4f62fdf4164594126c421955804b654cd5d5f8f7b46ada345ae0cffa71460d0f,644398f3c173412cb000,150000,20.65471512499971,2,0.3960705540783882,0.1572407919993566,85faacae1e7f411d68803653388611c37c62730ea9217e9700a0ad6ac41b7cda,20260809,CHAR,COMPETITIVE,SUCCESS,S3,103787,49677,0,,0.7146767463269308
0.7076312981862833,0.45683898998669753,27e29e4d98984784b26e81cb4dcdf781e77b0b926ab9b9ec7ee3b69a114ea1d8,BALANCED,LINEARSVC,4f62fdf4164594126c421955804b654cd5d5f8f7b46ada345ae0cffa71460d0f,71d0d9cda65be4da9d13,150000,35.603425917001005,2,0.4606267034769984,0.15686941700005264,85faacae1e7f411d68803653388611c37c62730ea9217e9700a0ad6ac41b7cda,20260809,CHAR,COMPETITIVE,SUCCESS,S3,103787,49677,0,,0.7033712567315236
0.856251383940254,0.5448556480258553,27e29e4d98984784b26e81cb4dcdf781e77b0b926ab9b9ec7ee3b69a114ea1d8,NONE,LOGREG,4f62fdf4164594126c421955804b654cd5d5f8f7b46ada345ae0cffa71460d0f,8a873279d5223700bf5a,150000,13.201478083999973,2,0.547624561451542,0.049402167000152986,85faacae1e7f411d68803653388611c37c62730ea9217e9700a0ad6ac41b7cda,20260809,CHAR,COMPETITIVE,SUCCESS,S2,103787,49677,0,,0.8103469801176617
0.7487368399863116,0.6772879234386158,27e29e4d98984784b26e81cb4dcdf781e77b0b926ab9b9ec7ee3b69a114ea1d8,BALANCED,LOGREG,4f62fdf4164594126c421955804b654cd5d5f8f7b46ada345ae0cffa71460d0f,1e2ca5442aa5c6920e3e,150000,12.180032041998857,2,0.6227898681989529,0.04985733300054562,85faacae1e7f411d68803653388611c37c62730ea9217e9700a0ad6ac41b7cda,20260809,CHAR,COMPETITIVE,SUCCESS,S2,103787,49677,0,,0.7760454605194772
0.8493870402802102,0.5666908769115336,27e29e4d98984784b26e81cb4dcdf781e77b0b926ab9b9ec7ee3b69a114ea1d8,NONE,LINEARSVC,4f62fdf4164594126c421955804b654cd5d5f8f7b46ada345ae0cffa71460d0f,d8aaf41ae5593b4e87b4,150000,6.918160125000213,2,0.5806774701574942,0.04901691700069932,85faacae1e7f411d68803653388611c37c62730ea9217e9700a0ad6ac41b7cda,20260809,CHAR,COMPETITIVE,SUCCESS,S2,103787,49677,0,,0.8166961935919084
0.7612577249028726,0.6410822975793582,27e29e4d98984784b26e81cb4dcdf781e77b0b926ab9b9ec7ee3b69a114ea1d8,BALANCED,LINEARSVC,4f62fdf4164594126c421955804b654cd5d5f8f7b46ada345ae0cffa71460d0f,476794fbe5af0349b498,150000,16.245487874999526,2,0.6108640363470392,0.04917591600133164,85faacae1e7f411d68803653388611c37c62730ea9217e9700a0ad6ac41b7cda,20260809,CHAR,COMPETITIVE,SUCCESS,S2,103787,49677,0,,0.7809608905246354
0.7757312237051351,0.179398291142717,27e29e4d98984784b26e81cb4dcdf781e77b0b926ab9b9ec7ee3b69a114ea1d8,NONE,LOGREG,4f62fdf4164594126c421955804b654cd5d5f8f7b46ada345ae0cffa71460d0f,f8add90230b4e9d9b29d,150000,118.72812754200095,2,0.17166478824865694,0.17837645899999188,85faacae1e7f411d68803653388611c37c62730ea9217e9700a0ad6ac41b7cda,20260809,CHAR,COMPETITIVE,SUCCESS,S6,103787,49677,0,,0.6878844985515444
0.4143164844898041,0.3552510758572911,27e29e4d98984784b26e81cb4dcdf781e77b0b926ab9b9ec7ee3b69a114ea1d8,BALANCED,LOGREG,4f62fdf4164594126c421955804b654cd5d5f8f7b46ada345ae0cffa71460d0f,4bc95e24f49671f555ae,150000,165.10560824999993,2,0.23506730239482074,0.1743070410011569,85faacae1e7f411d68803653388611c37c62730ea9217e9700a0ad6ac41b7cda,20260809,CHAR,COMPETITIVE,SUCCESS,S6,103787,49677,0,,0.4911978952247931
0.779495541196127,0.37961257167342394,27e29e4d98984784b26e81cb4dcdf781e77b0b926ab9b9ec7ee3b69a114ea1d8,NONE,LOGREG,4f62fdf4164594126c421955804b654cd5d5f8f7b46ada345ae0cffa71460d0f,015f31bdc2aabe659a62,150000,57.04307875000086,2,0.3806342027872595,0.15632804199958628,85faacae1e7f411d68803653388611c37c62730ea9217e9700a0ad6ac41b7cda,20260809,CHAR,COMPETITIVE,SUCCESS,S3,103787,49677,0,,0.7130813205384682
0.553133240735149,0.5459604186276295,27e29e4d98984784b26e81cb4dcdf781e77b0b926ab9b9ec7ee3b69a114ea1d8,BALANCED,LOGREG,4f62fdf4164594126c421955804b654cd5d5f8f7b46ada345ae0cffa71460d0f,bd8e5b1cb49647ea2a96,150000,72.03271424999912,2,0.4452815052673588,0.16012870800113888,85faacae1e7f411d68803653388611c37c62730ea9217e9700a0ad6ac41b7cda,20260809,CHAR,COMPETITIVE,SUCCESS,S3,103787,49677,0,,0.5994604194804681
0.7527427179580087,0.2080194797484445,27e29e4d98984784b26e81cb4dcdf781e77b0b926ab9b9ec7ee3b69a114ea1d8,NONE,LINEARSVC,4f62fdf4164594126c421955804b654cd5d5f8f7b46ada345ae0cffa71460d0f,ff6644f80897a2bf6ed1,150000,35.23745874999986,2,0.2210704208900787,0.35133262499948614,85faacae1e7f411d68803653388611c37c62730ea9217e9700a0ad6ac41b7cda,20260809,WORD_CHAR,COMPETITIVE,SUCCESS,S6,103787,49677,0,,0.6939098153414288
0.6791271614630513,0.2524705113088779,27e29e4d98984784b26e81cb4dcdf781e77b0b926ab9b9ec7ee3b69a114ea1d8,BALANCED,LINEARSVC,4f62fdf4164594126c421955804b654cd5d5f8f7b46ada345ae0cffa71460d0f,ecf3c675553a0309e044,150000,69.07501450000018,2,0.25650345115551015,0.1933275000010326,85faacae1e7f411d68803653388611c37c62730ea9217e9700a0ad6ac41b7cda,20260809,WORD_CHAR,COMPETITIVE,SUCCESS,S6,103787,49677,0,,0.6723008288916212
0.7523401171568331,0.40590652637679375,27e29e4d98984784b26e81cb4dcdf781e77b0b926ab9b9ec7ee3b69a114ea1d8,NONE,LINEARSVC,4f62fdf4164594126c421955804b654cd5d5f8f7b46ada345ae0cffa71460d0f,769c1e5b6083eced0c15,150000,25.39349824999954,2,0.41842861357651184,0.1664805830005207,85faacae1e7f411d68803653388611c37c62730ea9217e9700a0ad6ac41b7cda,20260809,WORD_CHAR,COMPETITIVE,SUCCESS,S3,103787,49677,0,,0.7133910739636118
0.7068059665438734,0.44455596093074884,27e29e4d98984784b26e81cb4dcdf781e77b0b926ab9b9ec7ee3b69a114ea1d8,BALANCED,LINEARSVC,4f62fdf4164594126c421955804b654cd5d5f8f7b46ada345ae0cffa71460d0f,b3be675086cf2b5cd1e1,150000,39.92568974999995,2,0.4498979260743157,0.16548654100006388,85faacae1e7f411d68803653388611c37c62730ea9217e9700a0ad6ac41b7cda,20260809,WORD_CHAR,COMPETITIVE,SUCCESS,S3,103787,49677,0,,0.7001627636521932
0.8566539847414296,0.5595924925505941,27e29e4d98984784b26e81cb4dcdf781e77b0b926ab9b9ec7ee3b69a114ea1d8,NONE,LOGREG,4f62fdf4164594126c421955804b654cd5d5f8f7b46ada345ae0cffa71460d0f,eb5090f0f36596367bd3,150000,15.80809245799901,2,0.571107818023964,0.07523799999944458,85faacae1e7f411d68803653388611c37c62730ea9217e9700a0ad6ac41b7cda,20260809,WORD_CHAR,COMPETITIVE,SUCCESS,S2,103787,49677,0,,0.8171689532998893
0.7683837590836806,0.6737074442242563,27e29e4d98984784b26e81cb4dcdf781e77b0b926ab9b9ec7ee3b69a114ea1d8,BALANCED,LOGREG,4f62fdf4164594126c421955804b654cd5d5f8f7b46ada345ae0cffa71460d0f,ab271cdce309f2f325a7,150000,18.03621424999983,2,0.6323028491157641,0.07661737499984156,85faacae1e7f411d68803653388611c37c62730ea9217e9700a0ad6ac41b7cda,20260809,WORD_CHAR,COMPETITIVE,SUCCESS,S2,103787,49677,0,,0.7895832205220495
0.8370875858042958,0.5819756640780536,27e29e4d98984784b26e81cb4dcdf781e77b0b926ab9b9ec7ee3b69a114ea1d8,NONE,LINEARSVC,4f62fdf4164594126c421955804b654cd5d5f8f7b46ada345ae0cffa71460d0f,2e351df87769f92eef66,150000,8.732522917000097,2,0.5967253506689811,0.05404099999941536,85faacae1e7f411d68803653388611c37c62730ea9217e9700a0ad6ac41b7cda,20260809,WORD_CHAR,COMPETITIVE,SUCCESS,S2,103787,49677,0,,0.8156347298680164
0.7784689091531292,0.6278976582728649,27e29e4d98984784b26e81cb4dcdf781e77b0b926ab9b9ec7ee3b69a114ea1d8,BALANCED,LINEARSVC,4f62fdf4164594126c421955804b654cd5d5f8f7b46ada345ae0cffa71460d0f,1df932a893de9ed6b9fe,150000,19.20766358400033,2,0.61144590841195,0.053558999999950174,85faacae1e7f411d68803653388611c37c62730ea9217e9700a0ad6ac41b7cda,20260809,WORD_CHAR,COMPETITIVE,SUCCESS,S2,103787,49677,0,,0.7905661538184175
0.7740201703001389,0.18963723003790225,27e29e4d98984784b26e81cb4dcdf781e77b0b926ab9b9ec7ee3b69a114ea1d8,NONE,LOGREG,4f62fdf4164594126c421955804b654cd5d5f8f7b46ada345ae0cffa71460d0f,33cd9ddd8f3396f4f797,150000,121.18125020799926,2,0.19101533091769127,0.18969120899964764,85faacae1e7f411d68803653388611c37c62730ea9217e9700a0ad6ac41b7cda,20260809,WORD_CHAR,COMPETITIVE,SUCCESS,S6,103787,49677,0,,0.6933485806442787
0.49984902469955916,0.3419000015216684,27e29e4d98984784b26e81cb4dcdf781e77b0b926ab9b9ec7ee3b69a114ea1d8,BALANCED,LOGREG,4f62fdf4164594126c421955804b654cd5d5f8f7b46ada345ae0cffa71460d0f,e927c50d5de5ec024d73,150000,176.84890245799943,2,0.2607693638253015,0.18739675000142597,85faacae1e7f411d68803653388611c37c62730ea9217e9700a0ad6ac41b7cda,20260809,WORD_CHAR,COMPETITIVE,SUCCESS,S6,103787,49677,0,,0.5641837818991406
0.776939026108662,0.39666806928837,27e29e4d98984784b26e81cb4dcdf781e77b0b926ab9b9ec7ee3b69a114ea1d8,NONE,LOGREG,4f62fdf4164594126c421955804b654cd5d5f8f7b46ada345ae0cffa71460d0f,4211388dc94d3ab2e4c7,150000,52.352214042000924,2,0.40826421348924496,0.16574445799960813,85faacae1e7f411d68803653388611c37c62730ea9217e9700a0ad6ac41b7cda,20260809,WORD_CHAR,COMPETITIVE,SUCCESS,S3,103787,49677,0,,0.7207981645003839
0.6115103569056103,0.5305206404257451,27e29e4d98984784b26e81cb4dcdf781e77b0b926ab9b9ec7ee3b69a114ea1d8,BALANCED,LOGREG,4f62fdf4164594126c421955804b654cd5d5f8f7b46ada345ae0cffa71460d0f,de423452f1df01a17e58,150000,89.44409050000104,2,0.4668526180821877,0.1666902079996362,85faacae1e7f411d68803653388611c37c62730ea9217e9700a0ad6ac41b7cda,20260809,WORD_CHAR,COMPETITIVE,SUCCESS,S3,103787,49677,0,,0.6461933414827559
0.7566071786645278,0.21152053402222712,27e29e4d98984784b26e81cb4dcdf781e77b0b926ab9b9ec7ee3b69a114ea1d8,NONE,LINEARSVC,4f62fdf4164594126c421955804b654cd5d5f8f7b46ada345ae0cffa71460d0f,eab9dc6acb765b03f619,150000,26.2248299999992,3,0.22826956936585088,0.033301333000054,85faacae1e7f411d68803653388611c37c62730ea9217e9700a0ad6ac41b7cda,20260809,WORD,COMPETITIVE,SUCCESS,S6,155678,49870,0,,0.693685035356772
0.6685381993182274,0.27763332721005346,27e29e4d98984784b26e81cb4dcdf781e77b0b926ab9b9ec7ee3b69a114ea1d8,BALANCED,LINEARSVC,4f62fdf4164594126c421955804b654cd5d5f8f7b46ada345ae0cffa71460d0f,6ed2a3183f770bee78e0,150000,28.215557708999768,3,0.2801673370775874,0.026659625000320375,85faacae1e7f411d68803653388611c37c62730ea9217e9700a0ad6ac41b7cda,20260809,WORD,COMPETITIVE,SUCCESS,S6,155678,49870,0,,0.6699650521182092
0.759374373370764,0.41428553798529505,27e29e4d98984784b26e81cb4dcdf781e77b0b926ab9b9ec7ee3b69a114ea1d8,NONE,LINEARSVC,4f62fdf4164594126c421955804b654cd5d5f8f7b46ada345ae0cffa71460d0f,f18eefa59af76b3beea6,150000,17.291630792000433,3,0.42845673332934253,0.02286137499868346,85faacae1e7f411d68803653388611c37c62730ea9217e9700a0ad6ac41b7cda,20260809,WORD,COMPETITIVE,SUCCESS,S3,155678,49870,0,,0.7192961033170077
0.7037497493483056,0.46199557744207337,27e29e4d98984784b26e81cb4dcdf781e77b0b926ab9b9ec7ee3b69a114ea1d8,BALANCED,LINEARSVC,4f62fdf4164594126c421955804b654cd5d5f8f7b46ada345ae0cffa71460d0f,6f8730fb63ea75ea01a4,150000,18.119425666000097,3,0.46356135668949,0.023094499998478568,85faacae1e7f411d68803653388611c37c62730ea9217e9700a0ad6ac41b7cda,20260809,WORD,COMPETITIVE,SUCCESS,S3,155678,49870,0,,0.7019095563397832
0.8554040505313816,0.5588328346366586,27e29e4d98984784b26e81cb4dcdf781e77b0b926ab9b9ec7ee3b69a114ea1d8,NONE,LOGREG,4f62fdf4164594126c421955804b654cd5d5f8f7b46ada345ae0cffa71460d0f,1ac4d09d92409ada5e43,150000,2.706003499999497,3,0.5695781138858632,0.006721916999595123,85faacae1e7f411d68803653388611c37c62730ea9217e9700a0ad6ac41b7cda,20260809,WORD,COMPETITIVE,SUCCESS,S2,155678,49870,0,,0.8147867916389909
0.7476238219370362,0.6984106853714089,27e29e4d98984784b26e81cb4dcdf781e77b0b926ab9b9ec7ee3b69a114ea1d8,BALANCED,LOGREG,4f62fdf4164594126c421955804b654cd5d5f8f7b46ada345ae0cffa71460d0f,754285c0313d46a51f4a,150000,2.9948933750001743,3,0.6331247746352034,0.006804374999774154,85faacae1e7f411d68803653388611c37c62730ea9217e9700a0ad6ac41b7cda,20260809,WORD,COMPETITIVE,SUCCESS,S2,155678,49870,0,,0.7764088659895142
0.8410667736113896,0.5888363626076151,27e29e4d98984784b26e81cb4dcdf781e77b0b926ab9b9ec7ee3b69a114ea1d8,NONE,LINEARSVC,4f62fdf4164594126c421955804b654cd5d5f8f7b46ada345ae0cffa71460d0f,4edea6552c8df89e0372,150000,4.995460750000348,3,0.6059410928911437,0.00678041599894641,85faacae1e7f411d68803653388611c37c62730ea9217e9700a0ad6ac41b7cda,20260809,WORD,COMPETITIVE,SUCCESS,S2,155678,49870,0,,0.8187395387825994
0.7684980950471225,0.6483997993315714,27e29e4d98984784b26e81cb4dcdf781e77b0b926ab9b9ec7ee3b69a114ea1d8,BALANCED,LINEARSVC,4f62fdf4164594126c421955804b654cd5d5f8f7b46ada345ae0cffa71460d0f,389557abab472a2be55f,150000,6.851740792000783,3,0.620033010142119,0.006865334000394796,85faacae1e7f411d68803653388611c37c62730ea9217e9700a0ad6ac41b7cda,20260809,WORD,COMPETITIVE,SUCCESS,S2,155678,49870,0,,0.7860769173736348
0.7718066974132746,0.1865427042669675,27e29e4d98984784b26e81cb4dcdf781e77b0b926ab9b9ec7ee3b69a114ea1d8,NONE,LOGREG,4f62fdf4164594126c421955804b654cd5d5f8f7b46ada345ae0cffa71460d0f,a08a05f1e468ffd3c454,150000,19.841897416999927,3,0.1849319756989621,0.02617491599994537,85faacae1e7f411d68803653388611c37c62730ea9217e9700a0ad6ac41b7cda,20260809,WORD,COMPETITIVE,SUCCESS,S6,155678,49870,0,,0.6866765907384171
0.46753559254060556,0.37669531706728804,27e29e4d98984784b26e81cb4dcdf781e77b0b926ab9b9ec7ee3b69a114ea1d8,BALANCED,LOGREG,4f62fdf4164594126c421955804b654cd5d5f8f7b46ada345ae0cffa71460d0f,f0568149cbd084f49fb2,150000,45.08750945799875,3,0.27033978040036494,0.026890250001088134,85faacae1e7f411d68803653388611c37c62730ea9217e9700a0ad6ac41b7cda,20260809,WORD,COMPETITIVE,SUCCESS,S6,155678,49870,0,,0.5373489665565534
0.7793061961098857,0.39498407360460547,27e29e4d98984784b26e81cb4dcdf781e77b0b926ab9b9ec7ee3b69a114ea1d8,NONE,LOGREG,4f62fdf4164594126c421955804b654cd5d5f8f7b46ada345ae0cffa71460d0f,67fb732d6f257995fb46,150000,16.175926750000144,3,0.4026602655893137,0.023223209000207135,85faacae1e7f411d68803653388611c37c62730ea9217e9700a0ad6ac41b7cda,20260809,WORD,COMPETITIVE,SUCCESS,S3,155678,49870,0,,0.720338961270728
0.5912572688991378,0.5553561558198619,27e29e4d98984784b26e81cb4dcdf781e77b0b926ab9b9ec7ee3b69a114ea1d8,BALANCED,LOGREG,4f62fdf4164594126c421955804b654cd5d5f8f7b46ada345ae0cffa71460d0f,069a6e0f003ecc819707,150000,26.129919166000036,3,0.4693533624271831,0.02323762500054727,85faacae1e7f411d68803653388611c37c62730ea9217e9700a0ad6ac41b7cda,20260809,WORD,COMPETITIVE,SUCCESS,S3,155678,49870,0,,0.6306883007437771
0.7649288149187888,0.19299257025057,27e29e4d98984784b26e81cb4dcdf781e77b0b926ab9b9ec7ee3b69a114ea1d8,NONE,LINEARSVC,4f62fdf4164594126c421955804b654cd5d5f8f7b46ada345ae0cffa71460d0f,a2ae3bea4b93255d7a64,150000,193.7986920839994,3,0.19712529435322035,0.28084362499976123,85faacae1e7f411d68803653388611c37c62730ea9217e9700a0ad6ac41b7cda,20260809,CHAR,COMPETITIVE,SUCCESS,S6,155678,49870,0,,0.6880194336386901
0.6391217164628032,0.2936342525162898,27e29e4d98984784b26e81cb4dcdf781e77b0b926ab9b9ec7ee3b69a114ea1d8,BALANCED,LINEARSVC,4f62fdf4164594126c421955804b654cd5d5f8f7b46ada345ae0cffa71460d0f,be2d8d0dad3ca7e04872,150000,204.22646991700094,3,0.2735879884727384,0.31793170899982215,85faacae1e7f411d68803653388611c37c62730ea9217e9700a0ad6ac41b7cda,20260809,CHAR,COMPETITIVE,SUCCESS,S6,155678,49870,0,,0.6551277455931612
0.7682173651493884,0.39924119746803144,27e29e4d98984784b26e81cb4dcdf781e77b0b926ab9b9ec7ee3b69a114ea1d8,NONE,LINEARSVC,4f62fdf4164594126c421955804b654cd5d5f8f7b46ada345ae0cffa71460d0f,43399c297c6bde511864,150000,143.20984733300065,3,0.40859151637099494,0.16448524999941583,85faacae1e7f411d68803653388611c37c62730ea9217e9700a0ad6ac41b7cda,20260809,CHAR,COMPETITIVE,SUCCESS,S3,155678,49870,0,,0.7172140752615006
0.6924202927611791,0.47840941790191144,27e29e4d98984784b26e81cb4dcdf781e77b0b926ab9b9ec7ee3b69a114ea1d8,BALANCED,LINEARSVC,4f62fdf4164594126c421955804b654cd5d5f8f7b46ada345ae0cffa71460d0f,3f6c0f9fe11f9c5345e7,150000,141.78885304100004,3,0.47194851752608513,0.1665246249995107,85faacae1e7f411d68803653388611c37c62730ea9217e9700a0ad6ac41b7cda,20260809,CHAR,COMPETITIVE,SUCCESS,S3,155678,49870,0,,0.6980186978817944
0.8543011830759976,0.5575805224444081,27e29e4d98984784b26e81cb4dcdf781e77b0b926ab9b9ec7ee3b69a114ea1d8,NONE,LOGREG,4f62fdf4164594126c421955804b654cd5d5f8f7b46ada345ae0cffa71460d0f,552d10f0dd8f1b05500e,150000,22.26705054100057,3,0.567682492503093,0.09678749999875436,85faacae1e7f411d68803653388611c37c62730ea9217e9700a0ad6ac41b7cda,20260809,CHAR,COMPETITIVE,SUCCESS,S2,155678,49870,0,,0.8137711007908767
0.7292560657710047,0.6968680698702652,27e29e4d98984784b26e81cb4dcdf781e77b0b926ab9b9ec7ee3b69a114ea1d8,BALANCED,LOGREG,4f62fdf4164594126c421955804b654cd5d5f8f7b46ada345ae0cffa71460d0f,feba57f1f3d47265298f,150000,21.661916334000125,3,0.6215330867167792,0.05569683300018369,85faacae1e7f411d68803653388611c37c62730ea9217e9700a0ad6ac41b7cda,20260809,CHAR,COMPETITIVE,SUCCESS,S2,155678,49870,0,,0.7626912443408682
0.8473230399037498,0.5774927595935921,27e29e4d98984784b26e81cb4dcdf781e77b0b926ab9b9ec7ee3b69a114ea1d8,NONE,LINEARSVC,4f62fdf4164594126c421955804b654cd5d5f8f7b46ada345ae0cffa71460d0f,3cdb056420b738573a54,150000,46.87297850000141,3,0.5943592236355222,0.05413020800006052,85faacae1e7f411d68803653388611c37c62730ea9217e9700a0ad6ac41b7cda,20260809,CHAR,COMPETITIVE,SUCCESS,S2,155678,49870,0,,0.8183024080948053
0.7418087026268297,0.661152934440735,27e29e4d98984784b26e81cb4dcdf781e77b0b926ab9b9ec7ee3b69a114ea1d8,BALANCED,LINEARSVC,4f62fdf4164594126c421955804b654cd5d5f8f7b46ada345ae0cffa71460d0f,f8655330783e24e69f45,150000,48.32337883299988,3,0.6125577082408075,0.05271600000014587,85faacae1e7f411d68803653388611c37c62730ea9217e9700a0ad6ac41b7cda,20260809,CHAR,COMPETITIVE,SUCCESS,S2,155678,49870,0,,0.7690014892529683
0.7708040906356527,0.18365036449090702,27e29e4d98984784b26e81cb4dcdf781e77b0b926ab9b9ec7ee3b69a114ea1d8,NONE,LOGREG,4f62fdf4164594126c421955804b654cd5d5f8f7b46ada345ae0cffa71460d0f,e3facc4b1295136be002,150000,164.5425287500002,3,0.17995603270055513,0.19227950000095007,85faacae1e7f411d68803653388611c37c62730ea9217e9700a0ad6ac41b7cda,20260809,CHAR,COMPETITIVE,SUCCESS,S6,155678,49870,0,,0.6860240409857719
0.39488670543412874,0.3857366177992152,27e29e4d98984784b26e81cb4dcdf781e77b0b926ab9b9ec7ee3b69a114ea1d8,BALANCED,LOGREG,4f62fdf4164594126c421955804b654cd5d5f8f7b46ada345ae0cffa71460d0f,5173cb405a8bb7fdfe62,150000,274.7176697499999,3,0.24135698500145228,0.19156562499847496,85faacae1e7f411d68803653388611c37c62730ea9217e9700a0ad6ac41b7cda,20260809,CHAR,COMPETITIVE,SUCCESS,S6,155678,49870,0,,0.47128209944636523
0.7761780629637056,0.39115240700415826,27e29e4d98984784b26e81cb4dcdf781e77b0b926ab9b9ec7ee3b69a114ea1d8,NONE,LOGREG,4f62fdf4164594126c421955804b654cd5d5f8f7b46ada345ae0cffa71460d0f,ac68f91a11b053e6e71a,150000,122.81941141700008,3,0.3986629565467427,0.16397333399982017,85faacae1e7f411d68803653388611c37c62730ea9217e9700a0ad6ac41b7cda,20260809,CHAR,COMPETITIVE,SUCCESS,S3,155678,49870,0,,0.716378322168544
0.5394024463605374,0.5704775681991067,27e29e4d98984784b26e81cb4dcdf781e77b0b926ab9b9ec7ee3b69a114ea1d8,BALANCED,LOGREG,4f62fdf4164594126c421955804b654cd5d5f8f7b46ada345ae0cffa71460d0f,e496624cac2055bbe20b,150000,132.56592366599943,3,0.4485303942122762,0.16529079100109811,85faacae1e7f411d68803653388611c37c62730ea9217e9700a0ad6ac41b7cda,20260809,CHAR,COMPETITIVE,SUCCESS,S3,155678,49870,0,,0.5863493467767961
0.7450772007218769,0.2217768688070194,27e29e4d98984784b26e81cb4dcdf781e77b0b926ab9b9ec7ee3b69a114ea1d8,NONE,LINEARSVC,4f62fdf4164594126c421955804b654cd5d5f8f7b46ada345ae0cffa71460d0f,b1922c3ace762eed7228,150000,231.1738164999988,3,0.24238165954536417,0.3096705000007205,85faacae1e7f411d68803653388611c37c62730ea9217e9700a0ad6ac41b7cda,20260809,WORD_CHAR,COMPETITIVE,SUCCESS,S6,155678,49870,0,,0.692376335966112
0.649127732103469,0.2828432771458725,27e29e4d98984784b26e81cb4dcdf781e77b0b926ab9b9ec7ee3b69a114ea1d8,BALANCED,LINEARSVC,4f62fdf4164594126c421955804b654cd5d5f8f7b46ada345ae0cffa71460d0f,ce9d8bc1a465ceb37f43,150000,230.2190002919997,3,0.27788581487530867,0.19659350000074483,85faacae1e7f411d68803653388611c37c62730ea9217e9700a0ad6ac41b7cda,20260809,WORD_CHAR,COMPETITIVE,SUCCESS,S6,155678,49870,0,,0.6600027100886515
0.7464006416683376,0.4212585048175339,27e29e4d98984784b26e81cb4dcdf781e77b0b926ab9b9ec7ee3b69a114ea1d8,NONE,LINEARSVC,4f62fdf4164594126c421955804b654cd5d5f8f7b46ada345ae0cffa71460d0f,5f130b14cf421a4ad829,150000,179.7859669590016,3,0.4360735451569267,0.17566141600036644,85faacae1e7f411d68803653388611c37c62730ea9217e9700a0ad6ac41b7cda,20260809,WORD_CHAR,COMPETITIVE,SUCCESS,S3,155678,49870,0,,0.7149377722199184
0.6867856426709444,0.4712417801394428,27e29e4d98984784b26e81cb4dcdf781e77b0b926ab9b9ec7ee3b69a114ea1d8,BALANCED,LINEARSVC,4f62fdf4164594126c421955804b654cd5d5f8f7b46ada345ae0cffa71460d0f,457ea2c958d4f01a9240,150000,179.61920125000142,3,0.46497785216511955,0.18240529200011224,85faacae1e7f411d68803653388611c37c62730ea9217e9700a0ad6ac41b7cda,20260809,WORD_CHAR,COMPETITIVE,SUCCESS,S3,155678,49870,0,,0.6926532286472202
0.854501704431522,0.5721210308175767,27e29e4d98984784b26e81cb4dcdf781e77b0b926ab9b9ec7ee3b69a114ea1d8,NONE,LOGREG,4f62fdf4164594126c421955804b654cd5d5f8f7b46ada345ae0cffa71460d0f,82e9b0132236abf90be6,150000,30.092327916001523,3,0.588709819679003,0.07596887500039884,85faacae1e7f411d68803653388611c37c62730ea9217e9700a0ad6ac41b7cda,20260809,WORD_CHAR,COMPETITIVE,SUCCESS,S2,155678,49870,0,,0.8198539521312808
0.7491878885101263,0.6937376991359694,27e29e4d98984784b26e81cb4dcdf781e77b0b926ab9b9ec7ee3b69a114ea1d8,BALANCED,LOGREG,4f62fdf4164594126c421955804b654cd5d5f8f7b46ada345ae0cffa71460d0f,34073b0c8948c5b001aa,150000,32.88731054100026,3,0.6320014765675187,0.06003408400101762,85faacae1e7f411d68803653388611c37c62730ea9217e9700a0ad6ac41b7cda,20260809,WORD_CHAR,COMPETITIVE,SUCCESS,S2,155678,49870,0,,0.7771790426952663
0.8325045117304993,0.5940518388281228,27e29e4d98984784b26e81cb4dcdf781e77b0b926ab9b9ec7ee3b69a114ea1d8,NONE,LINEARSVC,4f62fdf4164594126c421955804b654cd5d5f8f7b46ada345ae0cffa71460d0f,448710b2349e02a8c50a,150000,77.26719687500008,3,0.6085450104881058,0.055589292000149726,85faacae1e7f411d68803653388611c37c62730ea9217e9700a0ad6ac41b7cda,20260809,WORD_CHAR,COMPETITIVE,SUCCESS,S2,155678,49870,0,,0.8155417510653652
0.7587728093041909,0.6464598525779577,27e29e4d98984784b26e81cb4dcdf781e77b0b926ab9b9ec7ee3b69a114ea1d8,BALANCED,LINEARSVC,4f62fdf4164594126c421955804b654cd5d5f8f7b46ada345ae0cffa71460d0f,8fb842054b80a78da052,150000,67.92833724999946,3,0.6138697691158684,0.05593712500012771,85faacae1e7f411d68803653388611c37c62730ea9217e9700a0ad6ac41b7cda,20260809,WORD_CHAR,COMPETITIVE,SUCCESS,S2,155678,49870,0,,0.7792347312476419
0.7683978343693604,0.19760582181530528,27e29e4d98984784b26e81cb4dcdf781e77b0b926ab9b9ec7ee3b69a114ea1d8,NONE,LOGREG,4f62fdf4164594126c421955804b654cd5d5f8f7b46ada345ae0cffa71460d0f,13135d13c2a3a52c9dba,150000,205.20127408400003,3,0.20558352420536083,0.19747795799958112,85faacae1e7f411d68803653388611c37c62730ea9217e9700a0ad6ac41b7cda,20260809,WORD_CHAR,COMPETITIVE,SUCCESS,S6,155678,49870,0,,0.6915802656126672
0.4609183878083016,0.37625704342386584,27e29e4d98984784b26e81cb4dcdf781e77b0b926ab9b9ec7ee3b69a114ea1d8,BALANCED,LOGREG,4f62fdf4164594126c421955804b654cd5d5f8f7b46ada345ae0cffa71460d0f,a569e6aa6af9e1856bf6,150000,200.37178912499985,3,0.2668153595834709,0.1982827499996347,85faacae1e7f411d68803653388611c37c62730ea9217e9700a0ad6ac41b7cda,20260809,WORD_CHAR,COMPETITIVE,SUCCESS,S6,155678,49870,0,,0.5322083627236177
0.774634048526168,0.4098663822071196,27e29e4d98984784b26e81cb4dcdf781e77b0b926ab9b9ec7ee3b69a114ea1d8,NONE,LOGREG,4f62fdf4164594126c421955804b654cd5d5f8f7b46ada345ae0cffa71460d0f,b3f626dca51963bd436f,150000,114.79277341600027,3,0.42642510355526325,0.17321137500039185,85faacae1e7f411d68803653388611c37c62730ea9217e9700a0ad6ac41b7cda,20260809,WORD_CHAR,COMPETITIVE,SUCCESS,S3,155678,49870,0,,0.7247217857269382
0.5843793864046521,0.5563346009613549,27e29e4d98984784b26e81cb4dcdf781e77b0b926ab9b9ec7ee3b69a114ea1d8,BALANCED,LOGREG,4f62fdf4164594126c421955804b654cd5d5f8f7b46ada345ae0cffa71460d0f,65826ed139c805866ed8,150000,135.0444724579993,3,0.46616641174388845,0.1750467089987069,85faacae1e7f411d68803653388611c37c62730ea9217e9700a0ad6ac41b7cda,20260809,WORD_CHAR,COMPETITIVE,SUCCESS,S3,155678,49870,0,,0.625227369442152
