accuracy,balanced_accuracy,c,class_weight,classifier,development_membership_sha256,encoder_id,experiment_id,feature_count,fit_runtime_seconds,fold,macro_f1,model_id,prediction_runtime_seconds,protocol_sha256,random_seed,representation,resolved_revision,semantic_config_sha256,stage,status,task,training_rows,validation_rows,warning_count,warning_messages,weighted_f1
0.7735195797516714,0.17053304540279082,1.0,NONE,LOGREG,4f62fdf4164594126c421955804b654cd5d5f8f7b46ada345ae0cffa71460d0f,E1,4c76d16f7df7f51dd3f3,384,1.1145733339944854,1,0.1534004994021656,sentence-transformers/all-MiniLM-L6-v2,0.014267999998992309,85faacae1e7f411d68803653388611c37c62730ea9217e9700a0ad6ac41b7cda,20260809,E1,1110a243fdf4706b3f48f1d95db1a4f5529b4d41,df42470d43bc1611827cd71c7f62aea538ff4fc5fe049001464fdc96c25e2812,COMPETITIVE,SUCCESS,S6,51891,50256,0,,0.676596248968555
0.2450453677172875,0.3434629679251286,1.0,BALANCED,LOGREG,4f62fdf4164594126c421955804b654cd5d5f8f7b46ada345ae0cffa71460d0f,E1,4d26078ebd32a571071a,384,2.6038931669972953,1,0.16709593389983068,sentence-transformers/all-MiniLM-L6-v2,0.009472041005210485,85faacae1e7f411d68803653388611c37c62730ea9217e9700a0ad6ac41b7cda,20260809,E1,1110a243fdf4706b3f48f1d95db1a4f5529b4d41,df42470d43bc1611827cd71c7f62aea538ff4fc5fe049001464fdc96c25e2812,COMPETITIVE,SUCCESS,S6,51891,50256,0,,0.3123644637494499
0.7739573384272525,0.16666666666666666,1.0,NONE,LINEARSVC,4f62fdf4164594126c421955804b654cd5d5f8f7b46ada345ae0cffa71460d0f,E1,33444283dca15f438bdf,384,15.532643708997057,1,0.14543115986734118,sentence-transformers/all-MiniLM-L6-v2,0.009057583003595937,85faacae1e7f411d68803653388611c37c62730ea9217e9700a0ad6ac41b7cda,20260809,E1,1110a243fdf4706b3f48f1d95db1a4f5529b4d41,df42470d43bc1611827cd71c7f62aea538ff4fc5fe049001464fdc96c25e2812,COMPETITIVE,SUCCESS,S6,51891,50256,0,,0.6753450804918938
0.6611349888570519,0.28222420312994084,1.0,BALANCED,LINEARSVC,4f62fdf4164594126c421955804b654cd5d5f8f7b46ada345ae0cffa71460d0f,E1,684b812678c94b7001dc,384,19.269384042003367,1,0.22851782639092852,sentence-transformers/all-MiniLM-L6-v2,0.009179000000585802,85faacae1e7f411d68803653388611c37c62730ea9217e9700a0ad6ac41b7cda,20260809,E1,1110a243fdf4706b3f48f1d95db1a4f5529b4d41,df42470d43bc1611827cd71c7f62aea538ff4fc5fe049001464fdc96c25e2812,COMPETITIVE,SUCCESS,S6,51891,50256,0,,0.6533715117005106
0.7758476599808978,0.35495949774928964,1.0,NONE,LOGREG,4f62fdf4164594126c421955804b654cd5d5f8f7b46ada345ae0cffa71460d0f,E1,103dc89150ac9407590d,384,1.07044833299733,1,0.33633170151376435,sentence-transformers/all-MiniLM-L6-v2,0.009162916998320725,85faacae1e7f411d68803653388611c37c62730ea9217e9700a0ad6ac41b7cda,20260809,E1,1110a243fdf4706b3f48f1d95db1a4f5529b4d41,df42470d43bc1611827cd71c7f62aea538ff4fc5fe049001464fdc96c25e2812,COMPETITIVE,SUCCESS,S3,51891,50256,0,,0.696470354298409
0.4175421840178287,0.5330243072662504,1.0,BALANCED,LOGREG,4f62fdf4164594126c421955804b654cd5d5f8f7b46ada345ae0cffa71460d0f,E1,b8d57d6dba4edf9f77e4,384,1.5197414590002154,1,0.3680294667478521,sentence-transformers/all-MiniLM-L6-v2,0.008953917000326328,85faacae1e7f411d68803653388611c37c62730ea9217e9700a0ad6ac41b7cda,20260809,E1,1110a243fdf4706b3f48f1d95db1a4f5529b4d41,df42470d43bc1611827cd71c7f62aea538ff4fc5fe049001464fdc96c25e2812,COMPETITIVE,SUCCESS,S3,51891,50256,0,,0.463207801631903
0.7753303088188475,0.34160385478843897,1.0,NONE,LINEARSVC,4f62fdf4164594126c421955804b654cd5d5f8f7b46ada345ae0cffa71460d0f,E1,cc25b21e95cc622ad856,384,8.993643333000364,1,0.30931338487134946,sentence-transformers/all-MiniLM-L6-v2,0.009535333003441337,85faacae1e7f411d68803653388611c37c62730ea9217e9700a0ad6ac41b7cda,20260809,E1,1110a243fdf4706b3f48f1d95db1a4f5529b4d41,df42470d43bc1611827cd71c7f62aea538ff4fc5fe049001464fdc96c25e2812,COMPETITIVE,SUCCESS,S3,51891,50256,0,,0.6842000382835399
0.7298829990448902,0.4215841783842516,1.0,BALANCED,LINEARSVC,4f62fdf4164594126c421955804b654cd5d5f8f7b46ada345ae0cffa71460d0f,E1,62d1439dc247f6f3f994,384,10.616302791000635,1,0.4303391652745842,sentence-transformers/all-MiniLM-L6-v2,0.009197916995617561,85faacae1e7f411d68803653388611c37c62730ea9217e9700a0ad6ac41b7cda,20260809,E1,1110a243fdf4706b3f48f1d95db1a4f5529b4d41,df42470d43bc1611827cd71c7f62aea538ff4fc5fe049001464fdc96c25e2812,COMPETITIVE,SUCCESS,S3,51891,50256,0,,0.7082759481734531
0.8438594396688952,0.5263968657819277,1.0,NONE,LOGREG,4f62fdf4164594126c421955804b654cd5d5f8f7b46ada345ae0cffa71460d0f,E1,db18892ab9a684162ba7,384,2.05549025000073,1,0.5135150012471735,sentence-transformers/all-MiniLM-L6-v2,0.007374665998213459,85faacae1e7f411d68803653388611c37c62730ea9217e9700a0ad6ac41b7cda,20260809,E1,1110a243fdf4706b3f48f1d95db1a4f5529b4d41,df42470d43bc1611827cd71c7f62aea538ff4fc5fe049001464fdc96c25e2812,COMPETITIVE,SUCCESS,S2,51891,50256,0,,0.788093424914923
0.6412567653613499,0.659031148119223,1.0,BALANCED,LOGREG,4f62fdf4164594126c421955804b654cd5d5f8f7b46ada345ae0cffa71460d0f,E1,4c184e63d7800c983487,384,2.159617208002601,1,0.5619737127063229,sentence-transformers/all-MiniLM-L6-v2,0.007954500004416332,85faacae1e7f411d68803653388611c37c62730ea9217e9700a0ad6ac41b7cda,20260809,E1,1110a243fdf4706b3f48f1d95db1a4f5529b4d41,df42470d43bc1611827cd71c7f62aea538ff4fc5fe049001464fdc96c25e2812,COMPETITIVE,SUCCESS,S2,51891,50256,0,,0.6896141990489326
0.8436206622094874,0.5118269847084318,1.0,NONE,LINEARSVC,4f62fdf4164594126c421955804b654cd5d5f8f7b46ada345ae0cffa71460d0f,E1,33bceb11feb0c469e4aa,384,3.083996166998986,1,0.48355612162334355,sentence-transformers/all-MiniLM-L6-v2,0.007876707997638732,85faacae1e7f411d68803653388611c37c62730ea9217e9700a0ad6ac41b7cda,20260809,E1,1110a243fdf4706b3f48f1d95db1a4f5529b4d41,df42470d43bc1611827cd71c7f62aea538ff4fc5fe049001464fdc96c25e2812,COMPETITIVE,SUCCESS,S2,51891,50256,0,,0.7789149285736626
0.6396848137535817,0.6573280152445364,1.0,BALANCED,LINEARSVC,4f62fdf4164594126c421955804b654cd5d5f8f7b46ada345ae0cffa71460d0f,E1,e3a4a25681bc8a169ad2,384,3.6721027080056956,1,0.560499045510865,sentence-transformers/all-MiniLM-L6-v2,0.007142958005715627,85faacae1e7f411d68803653388611c37c62730ea9217e9700a0ad6ac41b7cda,20260809,E1,1110a243fdf4706b3f48f1d95db1a4f5529b4d41,df42470d43bc1611827cd71c7f62aea538ff4fc5fe049001464fdc96c25e2812,COMPETITIVE,SUCCESS,S2,51891,50256,0,,0.6882757431693495
0.7754091430641947,0.17018806950653353,1.0,NONE,LOGREG,4f62fdf4164594126c421955804b654cd5d5f8f7b46ada345ae0cffa71460d0f,E1,f4cfafd22f22928c35c1,384,3.20474954200472,2,0.15267357805109275,sentence-transformers/all-MiniLM-L6-v2,0.009776874998351559,85faacae1e7f411d68803653388611c37c62730ea9217e9700a0ad6ac41b7cda,20260809,E1,1110a243fdf4706b3f48f1d95db1a4f5529b4d41,df42470d43bc1611827cd71c7f62aea538ff4fc5fe049001464fdc96c25e2812,COMPETITIVE,SUCCESS,S6,103787,49677,0,,0.6785952349161307
0.2693399359864726,0.36770146516216523,1.0,BALANCED,LOGREG,4f62fdf4164594126c421955804b654cd5d5f8f7b46ada345ae0cffa71460d0f,E1,761c5c8473fbf41fc42d,384,3.689002375002019,2,0.18179666351611323,sentence-transformers/all-MiniLM-L6-v2,0.009982875002606306,85faacae1e7f411d68803653388611c37c62730ea9217e9700a0ad6ac41b7cda,20260809,E1,1110a243fdf4706b3f48f1d95db1a4f5529b4d41,df42470d43bc1611827cd71c7f62aea538ff4fc5fe049001464fdc96c25e2812,COMPETITIVE,SUCCESS,S6,103787,49677,0,,0.3389614159131253
0.7753084928639008,0.16666666666666666,1.0,NONE,LINEARSVC,4f62fdf4164594126c421955804b654cd5d5f8f7b46ada345ae0cffa71460d0f,E1,c4e73af979f08e3bcbc8,384,33.98812912499852,2,0.14557253870343492,sentence-transformers/all-MiniLM-L6-v2,0.009275999997043982,85faacae1e7f411d68803653388611c37c62730ea9217e9700a0ad6ac41b7cda,20260809,E1,1110a243fdf4706b3f48f1d95db1a4f5529b4d41,df42470d43bc1611827cd71c7f62aea538ff4fc5fe049001464fdc96c25e2812,COMPETITIVE,SUCCESS,S6,103787,49677,0,,0.677181753507192
0.6932181895041971,0.2807595409578082,1.0,BALANCED,LINEARSVC,4f62fdf4164594126c421955804b654cd5d5f8f7b46ada345ae0cffa71460d0f,E1,c89d128f83a54918a212,384,46.89908816699608,2,0.23471385999256544,sentence-transformers/all-MiniLM-L6-v2,0.010243791999528185,85faacae1e7f411d68803653388611c37c62730ea9217e9700a0ad6ac41b7cda,20260809,E1,1110a243fdf4706b3f48f1d95db1a4f5529b4d41,df42470d43bc1611827cd71c7f62aea538ff4fc5fe049001464fdc96c25e2812,COMPETITIVE,SUCCESS,S6,103787,49677,0,,0.6695179692857453
0.7759929142258993,0.35181753597611753,1.0,NONE,LOGREG,4f62fdf4164594126c421955804b654cd5d5f8f7b46ada345ae0cffa71460d0f,E1,b2377ca1f09b2a251e4c,384,2.0317507500003558,2,0.33067288952704565,sentence-transformers/all-MiniLM-L6-v2,0.009992292005335912,85faacae1e7f411d68803653388611c37c62730ea9217e9700a0ad6ac41b7cda,20260809,E1,1110a243fdf4706b3f48f1d95db1a4f5529b4d41,df42470d43bc1611827cd71c7f62aea538ff4fc5fe049001464fdc96c25e2812,COMPETITIVE,SUCCESS,S3,103787,49677,0,,0.6941358696623451
0.4391770839623971,0.5347833015037039,1.0,BALANCED,LOGREG,4f62fdf4164594126c421955804b654cd5d5f8f7b46ada345ae0cffa71460d0f,E1,a04c296cd8f3dca61686,384,2.40962550000404,2,0.382860261219841,sentence-transformers/all-MiniLM-L6-v2,0.010003750001487788,85faacae1e7f411d68803653388611c37c62730ea9217e9700a0ad6ac41b7cda,20260809,E1,1110a243fdf4706b3f48f1d95db1a4f5529b4d41,df42470d43bc1611827cd71c7f62aea538ff4fc5fe049001464fdc96c25e2812,COMPETITIVE,SUCCESS,S3,103787,49677,0,,0.48694074213117583
0.7761740845864283,0.3396995568800178,1.0,NONE,LINEARSVC,4f62fdf4164594126c421955804b654cd5d5f8f7b46ada345ae0cffa71460d0f,E1,7f57be84d5be09e0af17,384,20.49714770799619,2,0.30545229445274513,sentence-transformers/all-MiniLM-L6-v2,0.009735708001244348,85faacae1e7f411d68803653388611c37c62730ea9217e9700a0ad6ac41b7cda,20260809,E1,1110a243fdf4706b3f48f1d95db1a4f5529b4d41,df42470d43bc1611827cd71c7f62aea538ff4fc5fe049001464fdc96c25e2812,COMPETITIVE,SUCCESS,S3,103787,49677,0,,0.6836273256547822
0.7458783742979649,0.4174431990553378,1.0,BALANCED,LINEARSVC,4f62fdf4164594126c421955804b654cd5d5f8f7b46ada345ae0cffa71460d0f,E1,0f20e81158557b62abf3,384,25.766601832998276,2,0.428498872460366,sentence-transformers/all-MiniLM-L6-v2,0.010121082996192854,85faacae1e7f411d68803653388611c37c62730ea9217e9700a0ad6ac41b7cda,20260809,E1,1110a243fdf4706b3f48f1d95db1a4f5529b4d41,df42470d43bc1611827cd71c7f62aea538ff4fc5fe049001464fdc96c25e2812,COMPETITIVE,SUCCESS,S3,103787,49677,0,,0.7146988636011344
0.8519838154477928,0.5242103506557857,1.0,NONE,LOGREG,4f62fdf4164594126c421955804b654cd5d5f8f7b46ada345ae0cffa71460d0f,E1,2612df976c5d5022df0f,384,4.6103616659966065,2,0.5118010714929561,sentence-transformers/all-MiniLM-L6-v2,0.007369833001575898,85faacae1e7f411d68803653388611c37c62730ea9217e9700a0ad6ac41b7cda,20260809,E1,1110a243fdf4706b3f48f1d95db1a4f5529b4d41,df42470d43bc1611827cd71c7f62aea538ff4fc5fe049001464fdc96c25e2812,COMPETITIVE,SUCCESS,S2,103787,49677,0,,0.7983411280087872
0.6632244298166153,0.6668849858724845,1.0,BALANCED,LOGREG,4f62fdf4164594126c421955804b654cd5d5f8f7b46ada345ae0cffa71460d0f,E1,bed7e06ee68384b4e406,384,5.663973999995505,2,0.5709791614042417,sentence-transformers/all-MiniLM-L6-v2,0.00792399999772897,85faacae1e7f411d68803653388611c37c62730ea9217e9700a0ad6ac41b7cda,20260809,E1,1110a243fdf4706b3f48f1d95db1a4f5529b4d41,df42470d43bc1611827cd71c7f62aea538ff4fc5fe049001464fdc96c25e2812,COMPETITIVE,SUCCESS,S2,103787,49677,0,,0.71085478460267
0.8528695372103791,0.5115176388281164,1.0,NONE,LINEARSVC,4f62fdf4164594126c421955804b654cd5d5f8f7b46ada345ae0cffa71460d0f,E1,c71c46036ffc512209ef,384,7.823088958000881,2,0.4850880164002093,sentence-transformers/all-MiniLM-L6-v2,0.007899208001617808,85faacae1e7f411d68803653388611c37c62730ea9217e9700a0ad6ac41b7cda,20260809,E1,1110a243fdf4706b3f48f1d95db1a4f5529b4d41,df42470d43bc1611827cd71c7f62aea538ff4fc5fe049001464fdc96c25e2812,COMPETITIVE,SUCCESS,S2,103787,49677,0,,0.7910674547666923
0.6646939227409062,0.667299918348367,1.0,BALANCED,LINEARSVC,4f62fdf4164594126c421955804b654cd5d5f8f7b46ada345ae0cffa71460d0f,E1,e37b9027bc4818fc0e31,384,8.75605708299554,2,0.571943391460458,sentence-transformers/all-MiniLM-L6-v2,0.007707791002758313,85faacae1e7f411d68803653388611c37c62730ea9217e9700a0ad6ac41b7cda,20260809,E1,1110a243fdf4706b3f48f1d95db1a4f5529b4d41,df42470d43bc1611827cd71c7f62aea538ff4fc5fe049001464fdc96c25e2812,COMPETITIVE,SUCCESS,S2,103787,49677,0,,0.7120438631390075
0.773210346901945,0.17435668821689843,1.0,NONE,LOGREG,4f62fdf4164594126c421955804b654cd5d5f8f7b46ada345ae0cffa71460d0f,E1,0670ef65da5639d7fdc6,384,4.920324667000386,3,0.16003143481432344,sentence-transformers/all-MiniLM-L6-v2,0.010575957996479701,85faacae1e7f411d68803653388611c37c62730ea9217e9700a0ad6ac41b7cda,20260809,E1,1110a243fdf4706b3f48f1d95db1a4f5529b4d41,df42470d43bc1611827cd71c7f62aea538ff4fc5fe049001464fdc96c25e2812,COMPETITIVE,SUCCESS,S6,155678,49870,0,,0.6759674392824865
0.2647282935632645,0.3925807250040226,1.0,BALANCED,LOGREG,4f62fdf4164594126c421955804b654cd5d5f8f7b46ada345ae0cffa71460d0f,E1,7416cea7f4428beab930,384,7.770699084001535,3,0.1859087860407789,sentence-transformers/all-MiniLM-L6-v2,0.011189124998054467,85faacae1e7f411d68803653388611c37c62730ea9217e9700a0ad6ac41b7cda,20260809,E1,1110a243fdf4706b3f48f1d95db1a4f5529b4d41,df42470d43bc1611827cd71c7f62aea538ff4fc5fe049001464fdc96c25e2812,COMPETITIVE,SUCCESS,S6,155678,49870,0,,0.33055254233756864
0.7730298776819732,0.16666234350141798,1.0,NONE,LINEARSVC,4f62fdf4164594126c421955804b654cd5d5f8f7b46ada345ae0cffa71460d0f,E1,2e49c8bb1ecb7963b049,384,63.625493042003654,3,0.14533123730033967,sentence-transformers/all-MiniLM-L6-v2,0.010448332999658305,85faacae1e7f411d68803653388611c37c62730ea9217e9700a0ad6ac41b7cda,20260809,E1,1110a243fdf4706b3f48f1d95db1a4f5529b4d41,df42470d43bc1611827cd71c7f62aea538ff4fc5fe049001464fdc96c25e2812,COMPETITIVE,SUCCESS,S6,155678,49870,0,,0.6740898167719305
0.6925606577100462,0.30287935408606803,1.0,BALANCED,LINEARSVC,4f62fdf4164594126c421955804b654cd5d5f8f7b46ada345ae0cffa71460d0f,E1,bf3f125460d4e4096c03,384,76.93662804099586,3,0.24592909338056948,sentence-transformers/all-MiniLM-L6-v2,0.02048754200222902,85faacae1e7f411d68803653388611c37c62730ea9217e9700a0ad6ac41b7cda,20260809,E1,1110a243fdf4706b3f48f1d95db1a4f5529b4d41,df42470d43bc1611827cd71c7f62aea538ff4fc5fe049001464fdc96c25e2812,COMPETITIVE,SUCCESS,S6,155678,49870,0,,0.6695599196926099
0.7757770202526569,0.35748021466518876,1.0,NONE,LOGREG,4f62fdf4164594126c421955804b654cd5d5f8f7b46ada345ae0cffa71460d0f,E1,78594732e576319ab89c,384,3.030807625000307,3,0.3400690016569055,sentence-transformers/all-MiniLM-L6-v2,0.011612750000494998,85faacae1e7f411d68803653388611c37c62730ea9217e9700a0ad6ac41b7cda,20260809,E1,1110a243fdf4706b3f48f1d95db1a4f5529b4d41,df42470d43bc1611827cd71c7f62aea538ff4fc5fe049001464fdc96c25e2812,COMPETITIVE,SUCCESS,S3,155678,49870,0,,0.6964128112157812
0.43936234208943253,0.5440293960555035,1.0,BALANCED,LOGREG,4f62fdf4164594126c421955804b654cd5d5f8f7b46ada345ae0cffa71460d0f,E1,a6a468479a8fc2c02bc4,384,4.140749874997709,3,0.3863617105470083,sentence-transformers/all-MiniLM-L6-v2,0.010476625000592321,85faacae1e7f411d68803653388611c37c62730ea9217e9700a0ad6ac41b7cda,20260809,E1,1110a243fdf4706b3f48f1d95db1a4f5529b4d41,df42470d43bc1611827cd71c7f62aea538ff4fc5fe049001464fdc96c25e2812,COMPETITIVE,SUCCESS,S3,155678,49870,0,,0.4837782859048282
0.7750150391016644,0.34269639542214053,1.0,NONE,LINEARSVC,4f62fdf4164594126c421955804b654cd5d5f8f7b46ada345ae0cffa71460d0f,E1,c334ca3745b507315674,384,36.49216024999623,3,0.3109888808512869,sentence-transformers/all-MiniLM-L6-v2,0.010061041000881232,85faacae1e7f411d68803653388611c37c62730ea9217e9700a0ad6ac41b7cda,20260809,E1,1110a243fdf4706b3f48f1d95db1a4f5529b4d41,df42470d43bc1611827cd71c7f62aea538ff4fc5fe049001464fdc96c25e2812,COMPETITIVE,SUCCESS,S3,155678,49870,0,,0.6836353527657367
0.747563665530379,0.4299094418082336,1.0,BALANCED,LINEARSVC,4f62fdf4164594126c421955804b654cd5d5f8f7b46ada345ae0cffa71460d0f,E1,c3d2fc53f633788b4b38,384,41.400607124996895,3,0.4388013723311714,sentence-transformers/all-MiniLM-L6-v2,0.010637125000357628,85faacae1e7f411d68803653388611c37c62730ea9217e9700a0ad6ac41b7cda,20260809,E1,1110a243fdf4706b3f48f1d95db1a4f5529b4d41,df42470d43bc1611827cd71c7f62aea538ff4fc5fe049001464fdc96c25e2812,COMPETITIVE,SUCCESS,S3,155678,49870,0,,0.7183479621566726
0.8522157609785442,0.5333758739680814,1.0,NONE,LOGREG,4f62fdf4164594126c421955804b654cd5d5f8f7b46ada345ae0cffa71460d0f,E1,143f822f2287a5bbcd69,384,8.79787404200033,3,0.5275940388778559,sentence-transformers/all-MiniLM-L6-v2,0.008032749996345956,85faacae1e7f411d68803653388611c37c62730ea9217e9700a0ad6ac41b7cda,20260809,E1,1110a243fdf4706b3f48f1d95db1a4f5529b4d41,df42470d43bc1611827cd71c7f62aea538ff4fc5fe049001464fdc96c25e2812,COMPETITIVE,SUCCESS,S2,155678,49870,0,,0.8013630693403232
0.6514337276919991,0.6760173720615688,1.0,BALANCED,LOGREG,4f62fdf4164594126c421955804b654cd5d5f8f7b46ada345ae0cffa71460d0f,E1,8d439913d2c6b4a78e79,384,11.403259665996302,3,0.5689520978624538,sentence-transformers/all-MiniLM-L6-v2,0.008255708002252504,85faacae1e7f411d68803653388611c37c62730ea9217e9700a0ad6ac41b7cda,20260809,E1,1110a243fdf4706b3f48f1d95db1a4f5529b4d41,df42470d43bc1611827cd71c7f62aea538ff4fc5fe049001464fdc96c25e2812,COMPETITIVE,SUCCESS,S2,155678,49870,0,,0.7007714672127756
0.8515740926408663,0.5146273667305881,1.0,NONE,LINEARSVC,4f62fdf4164594126c421955804b654cd5d5f8f7b46ada345ae0cffa71460d0f,E1,11942117d29c0c980837,384,11.70711929200479,3,0.4907492603416747,sentence-transformers/all-MiniLM-L6-v2,0.008174624999810476,85faacae1e7f411d68803653388611c37c62730ea9217e9700a0ad6ac41b7cda,20260809,E1,1110a243fdf4706b3f48f1d95db1a4f5529b4d41,df42470d43bc1611827cd71c7f62aea538ff4fc5fe049001464fdc96c25e2812,COMPETITIVE,SUCCESS,S2,155678,49870,0,,0.7904252085354672
0.6510527371165029,0.6765060397820243,1.0,BALANCED,LINEARSVC,4f62fdf4164594126c421955804b654cd5d5f8f7b46ada345ae0cffa71460d0f,E1,5fec09c1b14364e604b1,384,14.547017457996844,3,0.5689013771904202,sentence-transformers/all-MiniLM-L6-v2,0.007878625001467299,85faacae1e7f411d68803653388611c37c62730ea9217e9700a0ad6ac41b7cda,20260809,E1,1110a243fdf4706b3f48f1d95db1a4f5529b4d41,df42470d43bc1611827cd71c7f62aea538ff4fc5fe049001464fdc96c25e2812,COMPETITIVE,SUCCESS,S2,155678,49870,0,,0.7004643084013961
0.7739772365488697,0.17415664100964337,1.0,NONE,LOGREG,4f62fdf4164594126c421955804b654cd5d5f8f7b46ada345ae0cffa71460d0f,E2,202f1d40579f470c8155,768,2.5003639999995357,1,0.16038894627341063,sentence-transformers/all-mpnet-base-v2,0.03425595800217707,85faacae1e7f411d68803653388611c37c62730ea9217e9700a0ad6ac41b7cda,20260809,E2,e8c3b32edf5434bc2275fc9bab85f82640a19130,df42470d43bc1611827cd71c7f62aea538ff4fc5fe049001464fdc96c25e2812,COMPETITIVE,SUCCESS,S6,51891,50256,0,,0.678610926666456
0.2643067494428526,0.3498124048859112,1.0,BALANCED,LOGREG,4f62fdf4164594126c421955804b654cd5d5f8f7b46ada345ae0cffa71460d0f,E2,2e9f565e247e2d4c043d,768,5.169819750000897,1,0.17639028146033575,sentence-transformers/all-mpnet-base-v2,0.01878454200050328,85faacae1e7f411d68803653388611c37c62730ea9217e9700a0ad6ac41b7cda,20260809,E2,e8c3b32edf5434bc2275fc9bab85f82640a19130,df42470d43bc1611827cd71c7f62aea538ff4fc5fe049001464fdc96c25e2812,COMPETITIVE,SUCCESS,S6,51891,50256,0,,0.33523526012479
0.7739971346704871,0.16754516825961976,1.0,NONE,LINEARSVC,4f62fdf4164594126c421955804b654cd5d5f8f7b46ada345ae0cffa71460d0f,E2,ff1dd790755b2b9e96de,768,49.94015516699437,1,0.14732903940673903,sentence-transformers/all-mpnet-base-v2,0.01779970799543662,85faacae1e7f411d68803653388611c37c62730ea9217e9700a0ad6ac41b7cda,20260809,E2,e8c3b32edf5434bc2275fc9bab85f82640a19130,df42470d43bc1611827cd71c7f62aea538ff4fc5fe049001464fdc96c25e2812,COMPETITIVE,SUCCESS,S6,51891,50256,0,,0.6761431444755833
0.6526981852913085,0.29438087567902677,1.0,BALANCED,LINEARSVC,4f62fdf4164594126c421955804b654cd5d5f8f7b46ada345ae0cffa71460d0f,E2,b372e01b4629ac4e0e01,768,56.9708404999983,1,0.24122599017379975,sentence-transformers/all-mpnet-base-v2,0.020428625000931788,85faacae1e7f411d68803653388611c37c62730ea9217e9700a0ad6ac41b7cda,20260809,E2,e8c3b32edf5434bc2275fc9bab85f82640a19130,df42470d43bc1611827cd71c7f62aea538ff4fc5fe049001464fdc96c25e2812,COMPETITIVE,SUCCESS,S6,51891,50256,0,,0.655316174352117
0.7777180834129258,0.36452262934961616,1.0,NONE,LOGREG,4f62fdf4164594126c421955804b654cd5d5f8f7b46ada345ae0cffa71460d0f,E2,7b2a5f1792af5f8cac05,768,1.952328999999736,1,0.352964475620598,sentence-transformers/all-mpnet-base-v2,0.018082417002005968,85faacae1e7f411d68803653388611c37c62730ea9217e9700a0ad6ac41b7cda,20260809,E2,e8c3b32edf5434bc2275fc9bab85f82640a19130,df42470d43bc1611827cd71c7f62aea538ff4fc5fe049001464fdc96c25e2812,COMPETITIVE,SUCCESS,S3,51891,50256,0,,0.7043700000342888
0.43706224132441895,0.5422079578350437,1.0,BALANCED,LOGREG,4f62fdf4164594126c421955804b654cd5d5f8f7b46ada345ae0cffa71460d0f,E2,8532cb5fe77a2be84b43,768,3.7258524170028977,1,0.3817256193000736,sentence-transformers/all-mpnet-base-v2,0.018522165999456774,85faacae1e7f411d68803653388611c37c62730ea9217e9700a0ad6ac41b7cda,20260809,E2,e8c3b32edf5434bc2275fc9bab85f82640a19130,df42470d43bc1611827cd71c7f62aea538ff4fc5fe049001464fdc96c25e2812,COMPETITIVE,SUCCESS,S3,51891,50256,0,,0.4834722386843697
0.7782155364533588,0.35592459996618214,1.0,NONE,LINEARSVC,4f62fdf4164594126c421955804b654cd5d5f8f7b46ada345ae0cffa71460d0f,E2,c418bc53a39b2f85fc92,768,29.62061525000172,1,0.3373219547498567,sentence-transformers/all-mpnet-base-v2,0.01794312499987427,85faacae1e7f411d68803653388611c37c62730ea9217e9700a0ad6ac41b7cda,20260809,E2,e8c3b32edf5434bc2275fc9bab85f82640a19130,df42470d43bc1611827cd71c7f62aea538ff4fc5fe049001464fdc96c25e2812,COMPETITIVE,SUCCESS,S3,51891,50256,0,,0.6979045108354107
0.7273559375994906,0.445149897485795,1.0,BALANCED,LINEARSVC,4f62fdf4164594126c421955804b654cd5d5f8f7b46ada345ae0cffa71460d0f,E2,2b7175870528cc6a8943,768,35.18849833300192,1,0.4535552125465641,sentence-transformers/all-mpnet-base-v2,0.020153917001152877,85faacae1e7f411d68803653388611c37c62730ea9217e9700a0ad6ac41b7cda,20260809,E2,e8c3b32edf5434bc2275fc9bab85f82640a19130,df42470d43bc1611827cd71c7f62aea538ff4fc5fe049001464fdc96c25e2812,COMPETITIVE,SUCCESS,S3,51891,50256,0,,0.7140235319258831
0.8463268067494428,0.5400301895719425,1.0,NONE,LOGREG,4f62fdf4164594126c421955804b654cd5d5f8f7b46ada345ae0cffa71460d0f,E2,669c8f9c41ba3e387ae5,768,4.848996458000329,1,0.5376663043177213,sentence-transformers/all-mpnet-base-v2,0.014455915996222757,85faacae1e7f411d68803653388611c37c62730ea9217e9700a0ad6ac41b7cda,20260809,E2,e8c3b32edf5434bc2275fc9bab85f82640a19130,df42470d43bc1611827cd71c7f62aea538ff4fc5fe049001464fdc96c25e2812,COMPETITIVE,SUCCESS,S2,51891,50256,0,,0.7964080381098144
0.6567375039796243,0.6720698290967326,1.0,BALANCED,LOGREG,4f62fdf4164594126c421955804b654cd5d5f8f7b46ada345ae0cffa71460d0f,E2,3db209bd319ea0032106,768,5.632532083000115,1,0.5752808362088581,sentence-transformers/all-mpnet-base-v2,0.015262749999237712,85faacae1e7f411d68803653388611c37c62730ea9217e9700a0ad6ac41b7cda,20260809,E2,e8c3b32edf5434bc2275fc9bab85f82640a19130,df42470d43bc1611827cd71c7f62aea538ff4fc5fe049001464fdc96c25e2812,COMPETITIVE,SUCCESS,S2,51891,50256,0,,0.7026787833216445
0.8462273161413563,0.5328854229598713,1.0,NONE,LINEARSVC,4f62fdf4164594126c421955804b654cd5d5f8f7b46ada345ae0cffa71460d0f,E2,53ccd865aeab5ecd245a,768,10.651942249998683,1,0.5247252363589585,sentence-transformers/all-mpnet-base-v2,0.015192291997664142,85faacae1e7f411d68803653388611c37c62730ea9217e9700a0ad6ac41b7cda,20260809,E2,e8c3b32edf5434bc2275fc9bab85f82640a19130,df42470d43bc1611827cd71c7f62aea538ff4fc5fe049001464fdc96c25e2812,COMPETITIVE,SUCCESS,S2,51891,50256,0,,0.7924647387122198
0.6545686087233366,0.6711933661701178,1.0,BALANCED,LINEARSVC,4f62fdf4164594126c421955804b654cd5d5f8f7b46ada345ae0cffa71460d0f,E2,99ed97dbbe6b10adc467,768,12.40240570899914,1,0.573742973808584,sentence-transformers/all-mpnet-base-v2,0.014344541996251792,85faacae1e7f411d68803653388611c37c62730ea9217e9700a0ad6ac41b7cda,20260809,E2,e8c3b32edf5434bc2275fc9bab85f82640a19130,df42470d43bc1611827cd71c7f62aea538ff4fc5fe049001464fdc96c25e2812,COMPETITIVE,SUCCESS,S2,51891,50256,0,,0.7008760392918417
0.7751273225033718,0.1733179512989953,1.0,NONE,LOGREG,4f62fdf4164594126c421955804b654cd5d5f8f7b46ada345ae0cffa71460d0f,E2,d650011e78628242818d,768,7.638046749998466,2,0.15874138382671701,sentence-transformers/all-mpnet-base-v2,0.03742604100261815,85faacae1e7f411d68803653388611c37c62730ea9217e9700a0ad6ac41b7cda,20260809,E2,e8c3b32edf5434bc2275fc9bab85f82640a19130,df42470d43bc1611827cd71c7f62aea538ff4fc5fe049001464fdc96c25e2812,COMPETITIVE,SUCCESS,S6,103787,49677,0,,0.6797376442595847
0.28115626950097633,0.37329784250514103,1.0,BALANCED,LOGREG,4f62fdf4164594126c421955804b654cd5d5f8f7b46ada345ae0cffa71460d0f,E2,4ad243898be9d51235e7,768,10.639879709000525,2,0.18847369865263483,sentence-transformers/all-mpnet-base-v2,0.021853666999959387,85faacae1e7f411d68803653388611c37c62730ea9217e9700a0ad6ac41b7cda,20260809,E2,e8c3b32edf5434bc2275fc9bab85f82640a19130,df42470d43bc1611827cd71c7f62aea538ff4fc5fe049001464fdc96c25e2812,COMPETITIVE,SUCCESS,S6,103787,49677,0,,0.3517430825451579
0.7752279727036657,0.16683427091117972,1.0,NONE,LINEARSVC,4f62fdf4164594126c421955804b654cd5d5f8f7b46ada345ae0cffa71460d0f,E2,3a1a49efece32965373e,768,113.94212329199945,2,0.145995175887718,sentence-transformers/all-mpnet-base-v2,0.026271875001839362,85faacae1e7f411d68803653388611c37c62730ea9217e9700a0ad6ac41b7cda,20260809,E2,e8c3b32edf5434bc2275fc9bab85f82640a19130,df42470d43bc1611827cd71c7f62aea538ff4fc5fe049001464fdc96c25e2812,COMPETITIVE,SUCCESS,S6,103787,49677,0,,0.6774319031201325
0.6827505686736317,0.29887020802920755,1.0,BALANCED,LINEARSVC,4f62fdf4164594126c421955804b654cd5d5f8f7b46ada345ae0cffa71460d0f,E2,5c310e839131f32c6566,768,153.88984745900234,2,0.2499671294350975,sentence-transformers/all-mpnet-base-v2,0.019633041993074585,85faacae1e7f411d68803653388611c37c62730ea9217e9700a0ad6ac41b7cda,20260809,E2,e8c3b32edf5434bc2275fc9bab85f82640a19130,df42470d43bc1611827cd71c7f62aea538ff4fc5fe049001464fdc96c25e2812,COMPETITIVE,SUCCESS,S6,103787,49677,0,,0.6713090029280926
0.7789319000744811,0.36585827318201164,1.0,NONE,LOGREG,4f62fdf4164594126c421955804b654cd5d5f8f7b46ada345ae0cffa71460d0f,E2,c4cacc282e5add9ccf79,768,4.5566341250014375,2,0.3556130958493835,sentence-transformers/all-mpnet-base-v2,0.019349667003552895,85faacae1e7f411d68803653388611c37c62730ea9217e9700a0ad6ac41b7cda,20260809,E2,e8c3b32edf5434bc2275fc9bab85f82640a19130,df42470d43bc1611827cd71c7f62aea538ff4fc5fe049001464fdc96c25e2812,COMPETITIVE,SUCCESS,S3,103787,49677,0,,0.7050259440540096
0.4435453026551523,0.5471939435095041,1.0,BALANCED,LOGREG,4f62fdf4164594126c421955804b654cd5d5f8f7b46ada345ae0cffa71460d0f,E2,4bad2a012d3cadcdb11a,768,8.114345707996108,2,0.3889388902257463,sentence-transformers/all-mpnet-base-v2,0.02102675000060117,85faacae1e7f411d68803653388611c37c62730ea9217e9700a0ad6ac41b7cda,20260809,E2,e8c3b32edf5434bc2275fc9bab85f82640a19130,df42470d43bc1611827cd71c7f62aea538ff4fc5fe049001464fdc96c25e2812,COMPETITIVE,SUCCESS,S3,103787,49677,0,,0.48901113442803146
0.7783682589528353,0.35200972366158084,1.0,NONE,LINEARSVC,4f62fdf4164594126c421955804b654cd5d5f8f7b46ada345ae0cffa71460d0f,E2,0ff3112a1ca74ccd7d4a,768,69.02323791699746,2,0.3300743923521674,sentence-transformers/all-mpnet-base-v2,0.017507749995274935,85faacae1e7f411d68803653388611c37c62730ea9217e9700a0ad6ac41b7cda,20260809,E2,e8c3b32edf5434bc2275fc9bab85f82640a19130,df42470d43bc1611827cd71c7f62aea538ff4fc5fe049001464fdc96c25e2812,COMPETITIVE,SUCCESS,S3,103787,49677,0,,0.6949524279312207
0.7397789721601546,0.4458313935988043,1.0,BALANCED,LINEARSVC,4f62fdf4164594126c421955804b654cd5d5f8f7b46ada345ae0cffa71460d0f,E2,98f5fe4920fbd561a749,768,74.35152104200097,2,0.45893657098069524,sentence-transformers/all-mpnet-base-v2,0.018463207998138387,85faacae1e7f411d68803653388611c37c62730ea9217e9700a0ad6ac41b7cda,20260809,E2,e8c3b32edf5434bc2275fc9bab85f82640a19130,df42470d43bc1611827cd71c7f62aea538ff4fc5fe049001464fdc96c25e2812,COMPETITIVE,SUCCESS,S3,103787,49677,0,,0.7202082758344266
0.8550435815367272,0.5410112450211229,1.0,NONE,LOGREG,4f62fdf4164594126c421955804b654cd5d5f8f7b46ada345ae0cffa71460d0f,E2,70410655b0bd6825ae8c,768,10.510177415999351,2,0.5413260370350796,sentence-transformers/all-mpnet-base-v2,0.01605941700108815,85faacae1e7f411d68803653388611c37c62730ea9217e9700a0ad6ac41b7cda,20260809,E2,e8c3b32edf5434bc2275fc9bab85f82640a19130,df42470d43bc1611827cd71c7f62aea538ff4fc5fe049001464fdc96c25e2812,COMPETITIVE,SUCCESS,S2,103787,49677,0,,0.8080439834837714
0.6664653662660789,0.673546760673276,1.0,BALANCED,LOGREG,4f62fdf4164594126c421955804b654cd5d5f8f7b46ada345ae0cffa71460d0f,E2,95154cf26528d2e3e74e,768,15.983549166005105,2,0.5751987190360256,sentence-transformers/all-mpnet-base-v2,0.015652666996174958,85faacae1e7f411d68803653388611c37c62730ea9217e9700a0ad6ac41b7cda,20260809,E2,e8c3b32edf5434bc2275fc9bab85f82640a19130,df42470d43bc1611827cd71c7f62aea538ff4fc5fe049001464fdc96c25e2812,COMPETITIVE,SUCCESS,S2,103787,49677,0,,0.7136445073231155
0.8544799404150815,0.5280273928332174,1.0,NONE,LINEARSVC,4f62fdf4164594126c421955804b654cd5d5f8f7b46ada345ae0cffa71460d0f,E2,705b8d2070193af8bef2,768,24.00526091700158,2,0.5178953869131314,sentence-transformers/all-mpnet-base-v2,0.015333916002418846,85faacae1e7f411d68803653388611c37c62730ea9217e9700a0ad6ac41b7cda,20260809,E2,e8c3b32edf5434bc2275fc9bab85f82640a19130,df42470d43bc1611827cd71c7f62aea538ff4fc5fe049001464fdc96c25e2812,COMPETITIVE,SUCCESS,S2,103787,49677,0,,0.8011314346453665
0.6692634418342492,0.6743498754875589,1.0,BALANCED,LINEARSVC,4f62fdf4164594126c421955804b654cd5d5f8f7b46ada345ae0cffa71460d0f,E2,ee04a5c3f3809003b91a,768,30.688193624999258,2,0.5770573773469099,sentence-transformers/all-mpnet-base-v2,0.016141625004820526,85faacae1e7f411d68803653388611c37c62730ea9217e9700a0ad6ac41b7cda,20260809,E2,e8c3b32edf5434bc2275fc9bab85f82640a19130,df42470d43bc1611827cd71c7f62aea538ff4fc5fe049001464fdc96c25e2812,COMPETITIVE,SUCCESS,S2,103787,49677,0,,0.7159090965311425
0.7730098255464207,0.17781180353647652,1.0,NONE,LOGREG,4f62fdf4164594126c421955804b654cd5d5f8f7b46ada345ae0cffa71460d0f,E2,1abeb563b359386e5092,768,11.213087541997083,3,0.1664519702444849,sentence-transformers/all-mpnet-base-v2,0.019591874995967373,85faacae1e7f411d68803653388611c37c62730ea9217e9700a0ad6ac41b7cda,20260809,E2,e8c3b32edf5434bc2275fc9bab85f82640a19130,df42470d43bc1611827cd71c7f62aea538ff4fc5fe049001464fdc96c25e2812,COMPETITIVE,SUCCESS,S6,155678,49870,0,,0.6772857747219515
0.27359133747744135,0.4048746565415824,1.0,BALANCED,LOGREG,4f62fdf4164594126c421955804b654cd5d5f8f7b46ada345ae0cffa71460d0f,E2,86771562cdda9671e7e0,768,16.826190042003873,3,0.19475867070338596,sentence-transformers/all-mpnet-base-v2,0.020636332999856677,85faacae1e7f411d68803653388611c37c62730ea9217e9700a0ad6ac41b7cda,20260809,E2,e8c3b32edf5434bc2275fc9bab85f82640a19130,df42470d43bc1611827cd71c7f62aea538ff4fc5fe049001464fdc96c25e2812,COMPETITIVE,SUCCESS,S6,155678,49870,0,,0.33750790699361444
0.7729296170042109,0.16707290781955952,1.0,NONE,LINEARSVC,4f62fdf4164594126c421955804b654cd5d5f8f7b46ada345ae0cffa71460d0f,E2,d4aebca1c2b206b0db53,768,201.59949062500527,3,0.1462450503128336,sentence-transformers/all-mpnet-base-v2,0.021102874998177867,85faacae1e7f411d68803653388611c37c62730ea9217e9700a0ad6ac41b7cda,20260809,E2,e8c3b32edf5434bc2275fc9bab85f82640a19130,df42470d43bc1611827cd71c7f62aea538ff4fc5fe049001464fdc96c25e2812,COMPETITIVE,SUCCESS,S6,155678,49870,0,,0.6743282344806021
0.6790655704832564,0.32247715308005415,1.0,BALANCED,LINEARSVC,4f62fdf4164594126c421955804b654cd5d5f8f7b46ada345ae0cffa71460d0f,E2,dcebe472323460957af4,768,291.5845608749951,3,0.26248069415021974,sentence-transformers/all-mpnet-base-v2,0.0243666669994127,85faacae1e7f411d68803653388611c37c62730ea9217e9700a0ad6ac41b7cda,20260809,E2,e8c3b32edf5434bc2275fc9bab85f82640a19130,df42470d43bc1611827cd71c7f62aea538ff4fc5fe049001464fdc96c25e2812,COMPETITIVE,SUCCESS,S6,155678,49870,0,,0.6696074128910786
0.7784840585522358,0.3703835915812756,1.0,NONE,LOGREG,4f62fdf4164594126c421955804b654cd5d5f8f7b46ada345ae0cffa71460d0f,E2,b3c17609ed02bf8028a8,768,10.23309375000099,3,0.3619822691099261,sentence-transformers/all-mpnet-base-v2,0.024238750003860332,85faacae1e7f411d68803653388611c37c62730ea9217e9700a0ad6ac41b7cda,20260809,E2,e8c3b32edf5434bc2275fc9bab85f82640a19130,df42470d43bc1611827cd71c7f62aea538ff4fc5fe049001464fdc96c25e2812,COMPETITIVE,SUCCESS,S3,155678,49870,0,,0.7062674601787968
0.43920192500501304,0.5578006165573542,1.0,BALANCED,LOGREG,4f62fdf4164594126c421955804b654cd5d5f8f7b46ada345ae0cffa71460d0f,E2,5184def412c700a1ff7e,768,14.666289792003226,3,0.39020905844456905,sentence-transformers/all-mpnet-base-v2,0.04930762499861885,85faacae1e7f411d68803653388611c37c62730ea9217e9700a0ad6ac41b7cda,20260809,E2,e8c3b32edf5434bc2275fc9bab85f82640a19130,df42470d43bc1611827cd71c7f62aea538ff4fc5fe049001464fdc96c25e2812,COMPETITIVE,SUCCESS,S3,155678,49870,0,,0.4805060299150708
0.777481451774614,0.3563545749070274,1.0,NONE,LINEARSVC,4f62fdf4164594126c421955804b654cd5d5f8f7b46ada345ae0cffa71460d0f,E2,82111308f9784b4fb49e,768,132.56467825000436,3,0.3375083524955762,sentence-transformers/all-mpnet-base-v2,0.04707912500452949,85faacae1e7f411d68803653388611c37c62730ea9217e9700a0ad6ac41b7cda,20260809,E2,e8c3b32edf5434bc2275fc9bab85f82640a19130,df42470d43bc1611827cd71c7f62aea538ff4fc5fe049001464fdc96c25e2812,COMPETITIVE,SUCCESS,S3,155678,49870,0,,0.6959846937293498
0.7384800481251254,0.45788259632597755,1.0,BALANCED,LINEARSVC,4f62fdf4164594126c421955804b654cd5d5f8f7b46ada345ae0cffa71460d0f,E2,a312dcfb816bafaece98,768,175.12345808400278,3,0.46854544882360427,sentence-transformers/all-mpnet-base-v2,0.024803917003737297,85faacae1e7f411d68803653388611c37c62730ea9217e9700a0ad6ac41b7cda,20260809,E2,e8c3b32edf5434bc2275fc9bab85f82640a19130,df42470d43bc1611827cd71c7f62aea538ff4fc5fe049001464fdc96c25e2812,COMPETITIVE,SUCCESS,S3,155678,49870,0,,0.7217257356969761
0.854642069380389,0.5493908792845125,1.0,NONE,LOGREG,4f62fdf4164594126c421955804b654cd5d5f8f7b46ada345ae0cffa71460d0f,E2,10bdc46c52d24363ccc4,768,22.65180229100224,3,0.5547024480534755,sentence-transformers/all-mpnet-base-v2,0.01887870799691882,85faacae1e7f411d68803653388611c37c62730ea9217e9700a0ad6ac41b7cda,20260809,E2,e8c3b32edf5434bc2275fc9bab85f82640a19130,df42470d43bc1611827cd71c7f62aea538ff4fc5fe049001464fdc96c25e2812,COMPETITIVE,SUCCESS,S2,155678,49870,0,,0.8101959846153634
0.652897533587327,0.6870239905705683,1.0,BALANCED,LOGREG,4f62fdf4164594126c421955804b654cd5d5f8f7b46ada345ae0cffa71460d0f,E2,3a4abfd7a6430d5d9948,768,28.79827683300391,3,0.5734916667994735,sentence-transformers/all-mpnet-base-v2,0.01849345899972832,85faacae1e7f411d68803653388611c37c62730ea9217e9700a0ad6ac41b7cda,20260809,E2,e8c3b32edf5434bc2275fc9bab85f82640a19130,df42470d43bc1611827cd71c7f62aea538ff4fc5fe049001464fdc96c25e2812,COMPETITIVE,SUCCESS,S2,155678,49870,0,,0.7021470315960032
0.8541608181271305,0.5355625619399214,1.0,NONE,LINEARSVC,4f62fdf4164594126c421955804b654cd5d5f8f7b46ada345ae0cffa71460d0f,E2,2196c2f5dc0fdae6fc30,768,40.03238295900519,3,0.5308680818367859,sentence-transformers/all-mpnet-base-v2,0.01863829200010514,85faacae1e7f411d68803653388611c37c62730ea9217e9700a0ad6ac41b7cda,20260809,E2,e8c3b32edf5434bc2275fc9bab85f82640a19130,df42470d43bc1611827cd71c7f62aea538ff4fc5fe049001464fdc96c25e2812,COMPETITIVE,SUCCESS,S2,155678,49870,0,,0.8031277489308359
0.6557248847002206,0.687810607576546,1.0,BALANCED,LINEARSVC,4f62fdf4164594126c421955804b654cd5d5f8f7b46ada345ae0cffa71460d0f,E2,fe2233fcd6785d91b5a9,768,72.99327374999848,3,0.5753976524415036,sentence-transformers/all-mpnet-base-v2,0.018761541999992914,85faacae1e7f411d68803653388611c37c62730ea9217e9700a0ad6ac41b7cda,20260809,E2,e8c3b32edf5434bc2275fc9bab85f82640a19130,df42470d43bc1611827cd71c7f62aea538ff4fc5fe049001464fdc96c25e2812,COMPETITIVE,SUCCESS,S2,155678,49870,0,,0.7045078191220582
