accuracy,balanced_accuracy,c,class_weight,classifier,configuration_id,development_membership_sha256,experiment_id,feature_count,fit_execution,fit_runtime_seconds,fold,macro_f1,optimization_config_sha256,prediction_runtime_seconds,protocol_sha256,random_seed,representation,representation_id,reused_experiment_id,stage,status,task,text_view,training_rows,validation_rows,warning_count,warning_messages,weighted_f1
0.6779091053804521,0.2582165380388041,0.25,BALANCED,LINEARSVC,S6-C0.25,4f62fdf4164594126c421955804b654cd5d5f8f7b46ada345ae0cffa71460d0f,46e7c5ef6c5eba9e8296,150000,,13.043487167000421,1,0.24785900186572962,089f7e6446648fbb67d77408f128ea69cee0928cd2d4b60a791b1eefcc5a40fd,0.17234545799874468,85faacae1e7f411d68803653388611c37c62730ea9217e9700a0ad6ac41b7cda,20260809,CHAR,S6-R1,,A2.1,SUCCESS,S6,SUMMARY_DESCRIPTION,51891,50256,0,,0.6714025098056989
0.6661493155046163,0.25325040257683296,0.5,BALANCED,LINEARSVC,S6-C0.5,4f62fdf4164594126c421955804b654cd5d5f8f7b46ada345ae0cffa71460d0f,c6abbd5275e055d83682,150000,,18.312020625002333,1,0.24605204759389612,089f7e6446648fbb67d77408f128ea69cee0928cd2d4b60a791b1eefcc5a40fd,0.1717876669972611,85faacae1e7f411d68803653388611c37c62730ea9217e9700a0ad6ac41b7cda,20260809,CHAR,S6-R1,,A2.1,SUCCESS,S6,SUMMARY_DESCRIPTION,51891,50256,0,,0.6646690062495452
0.6579711875198981,0.24867121562646047,1.0,BALANCED,LINEARSVC,S6-C1,4f62fdf4164594126c421955804b654cd5d5f8f7b46ada345ae0cffa71460d0f,741662770930acce2132,150000,,25.91947008399802,1,0.2440066779602653,089f7e6446648fbb67d77408f128ea69cee0928cd2d4b60a791b1eefcc5a40fd,0.17172545799985528,85faacae1e7f411d68803653388611c37c62730ea9217e9700a0ad6ac41b7cda,20260809,CHAR,S6-R1,,A2.1,SUCCESS,S6,SUMMARY_DESCRIPTION,51891,50256,0,,0.6593531746743874
0.6516037886023559,0.2408056783459823,2.0,BALANCED,LINEARSVC,S6-C2,4f62fdf4164594126c421955804b654cd5d5f8f7b46ada345ae0cffa71460d0f,a9d2c70f9acba3bd4d3f,150000,,39.68007333300193,1,0.23810126626369263,089f7e6446648fbb67d77408f128ea69cee0928cd2d4b60a791b1eefcc5a40fd,0.17198566700244555,85faacae1e7f411d68803653388611c37c62730ea9217e9700a0ad6ac41b7cda,20260809,CHAR,S6-R1,,A2.1,SUCCESS,S6,SUMMARY_DESCRIPTION,51891,50256,0,,0.6545253489246005
0.6467088506844954,0.23553410390397156,4.0,BALANCED,LINEARSVC,S6-C4,4f62fdf4164594126c421955804b654cd5d5f8f7b46ada345ae0cffa71460d0f,7ccdc36b264a5f585553,150000,,67.87566179200076,1,0.23409401498337912,089f7e6446648fbb67d77408f128ea69cee0928cd2d4b60a791b1eefcc5a40fd,0.17363887499959674,85faacae1e7f411d68803653388611c37c62730ea9217e9700a0ad6ac41b7cda,20260809,CHAR,S6-R1,,A2.1,SUCCESS,S6,SUMMARY_DESCRIPTION,51891,50256,0,,0.6505008035032626
0.6872798276868571,0.2857457681505267,0.25,BALANCED,LINEARSVC,S6-C0.25,4f62fdf4164594126c421955804b654cd5d5f8f7b46ada345ae0cffa71460d0f,9b12644d55a454d3d446,150000,,29.132993332998012,2,0.2722654903913188,089f7e6446648fbb67d77408f128ea69cee0928cd2d4b60a791b1eefcc5a40fd,0.29693937499905587,85faacae1e7f411d68803653388611c37c62730ea9217e9700a0ad6ac41b7cda,20260809,CHAR,S6-R1,,A2.1,SUCCESS,S6,SUMMARY_DESCRIPTION,103787,49677,0,,0.6802856388814523
0.6752621937717656,0.27767847205218027,0.5,BALANCED,LINEARSVC,S6-C0.5,4f62fdf4164594126c421955804b654cd5d5f8f7b46ada345ae0cffa71460d0f,99f32038b1b176a6b782,150000,,42.35409858300045,2,0.267232113718698,089f7e6446648fbb67d77408f128ea69cee0928cd2d4b60a791b1eefcc5a40fd,0.1829924170015147,85faacae1e7f411d68803653388611c37c62730ea9217e9700a0ad6ac41b7cda,20260809,CHAR,S6-R1,,A2.1,SUCCESS,S6,SUMMARY_DESCRIPTION,103787,49677,0,,0.6734836725431468
0.6673309579886064,0.26849446273577987,1.0,BALANCED,LINEARSVC,S6-C1,4f62fdf4164594126c421955804b654cd5d5f8f7b46ada345ae0cffa71460d0f,e6972402396aedf91215,150000,,64.2577432500002,2,0.26129915523287683,089f7e6446648fbb67d77408f128ea69cee0928cd2d4b60a791b1eefcc5a40fd,0.18692470799942384,85faacae1e7f411d68803653388611c37c62730ea9217e9700a0ad6ac41b7cda,20260809,CHAR,S6-R1,,A2.1,SUCCESS,S6,SUMMARY_DESCRIPTION,103787,49677,0,,0.6683748162857497
0.6594601123256235,0.25987151892490395,2.0,BALANCED,LINEARSVC,S6-C2,4f62fdf4164594126c421955804b654cd5d5f8f7b46ada345ae0cffa71460d0f,4e52db91e211555e1974,150000,,104.4297364999984,2,0.2552534326372202,089f7e6446648fbb67d77408f128ea69cee0928cd2d4b60a791b1eefcc5a40fd,0.19526933300221572,85faacae1e7f411d68803653388611c37c62730ea9217e9700a0ad6ac41b7cda,20260809,CHAR,S6-R1,,A2.1,SUCCESS,S6,SUMMARY_DESCRIPTION,103787,49677,0,,0.6624812332172045
0.6515892666626406,0.25114563685717356,4.0,BALANCED,LINEARSVC,S6-C4,4f62fdf4164594126c421955804b654cd5d5f8f7b46ada345ae0cffa71460d0f,9b9672e2e16bb39bfa99,150000,,170.38254633299948,2,0.24856807453671112,089f7e6446648fbb67d77408f128ea69cee0928cd2d4b60a791b1eefcc5a40fd,0.20484362499701092,85faacae1e7f411d68803653388611c37c62730ea9217e9700a0ad6ac41b7cda,20260809,CHAR,S6-R1,,A2.1,SUCCESS,S6,SUMMARY_DESCRIPTION,103787,49677,0,,0.6562163321940857
0.6627631842791257,0.3152569228319717,0.25,BALANCED,LINEARSVC,S6-C0.25,4f62fdf4164594126c421955804b654cd5d5f8f7b46ada345ae0cffa71460d0f,8c27d6b4758fe04bba1c,150000,,212.67282095799965,3,0.2870007594399639,089f7e6446648fbb67d77408f128ea69cee0928cd2d4b60a791b1eefcc5a40fd,0.3845195829999284,85faacae1e7f411d68803653388611c37c62730ea9217e9700a0ad6ac41b7cda,20260809,CHAR,S6-R1,,A2.1,SUCCESS,S6,SUMMARY_DESCRIPTION,155678,49870,0,,0.6708176618333772
0.6502907559655103,0.30572126375401126,0.5,BALANCED,LINEARSVC,S6-C0.5,4f62fdf4164594126c421955804b654cd5d5f8f7b46ada345ae0cffa71460d0f,42e24aeb71013c7c00f3,150000,,219.62582229100008,3,0.28154334792243785,089f7e6446648fbb67d77408f128ea69cee0928cd2d4b60a791b1eefcc5a40fd,0.30073916699984693,85faacae1e7f411d68803653388611c37c62730ea9217e9700a0ad6ac41b7cda,20260809,CHAR,S6-R1,,A2.1,SUCCESS,S6,SUMMARY_DESCRIPTION,155678,49870,0,,0.6631263886305504
0.6391217164628032,0.2936342525162898,1.0,BALANCED,LINEARSVC,S6-C1,4f62fdf4164594126c421955804b654cd5d5f8f7b46ada345ae0cffa71460d0f,87532afcaf12dca9ac23,150000,,329.41498604200024,3,0.2735879884727384,089f7e6446648fbb67d77408f128ea69cee0928cd2d4b60a791b1eefcc5a40fd,0.5240578749981069,85faacae1e7f411d68803653388611c37c62730ea9217e9700a0ad6ac41b7cda,20260809,CHAR,S6-R1,,A2.1,SUCCESS,S6,SUMMARY_DESCRIPTION,155678,49870,0,,0.6551277455931612
0.6317024263084019,0.28144275861807444,2.0,BALANCED,LINEARSVC,S6-C2,4f62fdf4164594126c421955804b654cd5d5f8f7b46ada345ae0cffa71460d0f,c406101d506648aa60c1,150000,,321.2377250419995,3,0.26632791854344706,089f7e6446648fbb67d77408f128ea69cee0928cd2d4b60a791b1eefcc5a40fd,0.2845039580024604,85faacae1e7f411d68803653388611c37c62730ea9217e9700a0ad6ac41b7cda,20260809,CHAR,S6-R1,,A2.1,SUCCESS,S6,SUMMARY_DESCRIPTION,155678,49870,0,,0.6492373930494824
0.6251253258472027,0.2704883773202232,4.0,BALANCED,LINEARSVC,S6-C4,4f62fdf4164594126c421955804b654cd5d5f8f7b46ada345ae0cffa71460d0f,a8171dbf7659caeeb872,150000,,416.16610145800223,3,0.2590117248492743,089f7e6446648fbb67d77408f128ea69cee0928cd2d4b60a791b1eefcc5a40fd,0.36840754199874937,85faacae1e7f411d68803653388611c37c62730ea9217e9700a0ad6ac41b7cda,20260809,CHAR,S6-R1,,A2.1,SUCCESS,S6,SUMMARY_DESCRIPTION,155678,49870,0,,0.6437755067619616
0.5414676854504935,0.5242834922657552,0.25,BALANCED,LOGREG,S3-C0.25,4f62fdf4164594126c421955804b654cd5d5f8f7b46ada345ae0cffa71460d0f,52dfd487b8ceb4e93e09,150000,,3.9291329580009915,1,0.4297508391922082,089f7e6446648fbb67d77408f128ea69cee0928cd2d4b60a791b1eefcc5a40fd,0.025419042001885828,85faacae1e7f411d68803653388611c37c62730ea9217e9700a0ad6ac41b7cda,20260809,WORD,S3-R1,,A2.1,SUCCESS,S3,SUMMARY_DESCRIPTION,51891,50256,0,,0.5858970340716887
0.5768664438077046,0.5086805344138033,0.5,BALANCED,LOGREG,S3-C0.5,4f62fdf4164594126c421955804b654cd5d5f8f7b46ada345ae0cffa71460d0f,43d10d4f9e8ebc384b74,150000,,4.9508795000001555,1,0.4391505915727845,089f7e6446648fbb67d77408f128ea69cee0928cd2d4b60a791b1eefcc5a40fd,0.02481541599991033,85faacae1e7f411d68803653388611c37c62730ea9217e9700a0ad6ac41b7cda,20260809,WORD,S3-R1,,A2.1,SUCCESS,S3,SUMMARY_DESCRIPTION,51891,50256,0,,0.6155592004119529
0.6130412289079911,0.4942694553507921,1.0,BALANCED,LOGREG,S3-C1,4f62fdf4164594126c421955804b654cd5d5f8f7b46ada345ae0cffa71460d0f,db48d5ca9d3346fd54bb,150000,,6.934871459001442,1,0.44764069385814925,089f7e6446648fbb67d77408f128ea69cee0928cd2d4b60a791b1eefcc5a40fd,0.0247123749977618,85faacae1e7f411d68803653388611c37c62730ea9217e9700a0ad6ac41b7cda,20260809,WORD,S3-R1,,A2.1,SUCCESS,S3,SUMMARY_DESCRIPTION,51891,50256,0,,0.6431430690203769
0.6454353709009869,0.4794178610745532,2.0,BALANCED,LOGREG,S3-C2,4f62fdf4164594126c421955804b654cd5d5f8f7b46ada345ae0cffa71460d0f,95f48d92befef3a1431c,150000,,8.397520375001477,1,0.4512032731029109,089f7e6446648fbb67d77408f128ea69cee0928cd2d4b60a791b1eefcc5a40fd,0.024572207999881357,85faacae1e7f411d68803653388611c37c62730ea9217e9700a0ad6ac41b7cda,20260809,WORD,S3-R1,,A2.1,SUCCESS,S3,SUMMARY_DESCRIPTION,51891,50256,0,,0.6657111168581386
0.667621776504298,0.4634084696828121,4.0,BALANCED,LOGREG,S3-C4,4f62fdf4164594126c421955804b654cd5d5f8f7b46ada345ae0cffa71460d0f,4328dd2fbc4f4e8b028e,150000,,12.362731582998094,1,0.4485811269057855,089f7e6446648fbb67d77408f128ea69cee0928cd2d4b60a791b1eefcc5a40fd,0.024188041999877896,85faacae1e7f411d68803653388611c37c62730ea9217e9700a0ad6ac41b7cda,20260809,WORD,S3-R1,,A2.1,SUCCESS,S3,SUMMARY_DESCRIPTION,51891,50256,0,,0.6789922485370152
0.5476981299192786,0.5565745832628884,0.25,BALANCED,LOGREG,S3-C0.25,4f62fdf4164594126c421955804b654cd5d5f8f7b46ada345ae0cffa71460d0f,0e243af36cb72721c435,150000,,6.818463708001218,2,0.4467995159014974,089f7e6446648fbb67d77408f128ea69cee0928cd2d4b60a791b1eefcc5a40fd,0.024760958000115352,85faacae1e7f411d68803653388611c37c62730ea9217e9700a0ad6ac41b7cda,20260809,WORD,S3-R1,,A2.1,SUCCESS,S3,SUMMARY_DESCRIPTION,103787,49677,0,,0.5936343993239994
0.5874549590353685,0.5465157633181441,0.5,BALANCED,LOGREG,S3-C0.5,4f62fdf4164594126c421955804b654cd5d5f8f7b46ada345ae0cffa71460d0f,51dbb212a9a648dd967d,150000,,11.373185709002428,2,0.46272173750214335,089f7e6446648fbb67d77408f128ea69cee0928cd2d4b60a791b1eefcc5a40fd,0.024848207998729777,85faacae1e7f411d68803653388611c37c62730ea9217e9700a0ad6ac41b7cda,20260809,WORD,S3-R1,,A2.1,SUCCESS,S3,SUMMARY_DESCRIPTION,103787,49677,0,,0.6274620113088611
0.6152142842764257,0.53010605862978,1.0,BALANCED,LOGREG,S3-C1,4f62fdf4164594126c421955804b654cd5d5f8f7b46ada345ae0cffa71460d0f,60988f201446d1459d24,150000,,16.321908583999175,2,0.46867241085738715,089f7e6446648fbb67d77408f128ea69cee0928cd2d4b60a791b1eefcc5a40fd,0.026467667001270456,85faacae1e7f411d68803653388611c37c62730ea9217e9700a0ad6ac41b7cda,20260809,WORD,S3-R1,,A2.1,SUCCESS,S3,SUMMARY_DESCRIPTION,103787,49677,0,,0.6488118266220215
0.6408800853513699,0.5106576839783222,2.0,BALANCED,LOGREG,S3-C2,4f62fdf4164594126c421955804b654cd5d5f8f7b46ada345ae0cffa71460d0f,947648486c424aaae091,150000,,16.939317167001718,2,0.470515364731291,089f7e6446648fbb67d77408f128ea69cee0928cd2d4b60a791b1eefcc5a40fd,0.02601233400127967,85faacae1e7f411d68803653388611c37c62730ea9217e9700a0ad6ac41b7cda,20260809,WORD,S3-R1,,A2.1,SUCCESS,S3,SUMMARY_DESCRIPTION,103787,49677,0,,0.6664044150046541
0.6610302554502083,0.49443471049557247,4.0,BALANCED,LOGREG,S3-C4,4f62fdf4164594126c421955804b654cd5d5f8f7b46ada345ae0cffa71460d0f,b6ead0b34842ad502c08,150000,,23.55353337499764,2,0.46988569011423403,089f7e6446648fbb67d77408f128ea69cee0928cd2d4b60a791b1eefcc5a40fd,0.026218792001600377,85faacae1e7f411d68803653388611c37c62730ea9217e9700a0ad6ac41b7cda,20260809,WORD,S3-R1,,A2.1,SUCCESS,S3,SUMMARY_DESCRIPTION,103787,49677,0,,0.6789680617520066
0.5387808301584118,0.5761271708152716,0.25,BALANCED,LOGREG,S3-C0.25,4f62fdf4164594126c421955804b654cd5d5f8f7b46ada345ae0cffa71460d0f,8c3721a838fda39a1271,150000,,15.84792862500035,3,0.45035147958957006,089f7e6446648fbb67d77408f128ea69cee0928cd2d4b60a791b1eefcc5a40fd,0.029707875000895,85faacae1e7f411d68803653388611c37c62730ea9217e9700a0ad6ac41b7cda,20260809,WORD,S3-R1,,A2.1,SUCCESS,S3,SUMMARY_DESCRIPTION,155678,49870,0,,0.584865129903939
0.5611590134349308,0.5689080152990408,0.5,BALANCED,LOGREG,S3-C0.5,4f62fdf4164594126c421955804b654cd5d5f8f7b46ada345ae0cffa71460d0f,fdfb0aab087f13fa0f62,150000,,19.463768375000654,3,0.4594063476582126,089f7e6446648fbb67d77408f128ea69cee0928cd2d4b60a791b1eefcc5a40fd,0.026888707998296013,85faacae1e7f411d68803653388611c37c62730ea9217e9700a0ad6ac41b7cda,20260809,WORD,S3-R1,,A2.1,SUCCESS,S3,SUMMARY_DESCRIPTION,155678,49870,0,,0.605315406208444
0.5912572688991378,0.5553561558198619,1.0,BALANCED,LOGREG,S3-C1,4f62fdf4164594126c421955804b654cd5d5f8f7b46ada345ae0cffa71460d0f,b3bff4fff3af22184563,150000,,30.376385334002407,3,0.4693533624271831,089f7e6446648fbb67d77408f128ea69cee0928cd2d4b60a791b1eefcc5a40fd,0.02823645900207339,85faacae1e7f411d68803653388611c37c62730ea9217e9700a0ad6ac41b7cda,20260809,WORD,S3-R1,,A2.1,SUCCESS,S3,SUMMARY_DESCRIPTION,155678,49870,0,,0.6306883007437771
0.6153398836976138,0.5375787230292798,2.0,BALANCED,LOGREG,S3-C2,4f62fdf4164594126c421955804b654cd5d5f8f7b46ada345ae0cffa71460d0f,636eca59bb1a680caa0c,150000,,33.05704550000155,3,0.47323134537646133,089f7e6446648fbb67d77408f128ea69cee0928cd2d4b60a791b1eefcc5a40fd,0.026786750000610482,85faacae1e7f411d68803653388611c37c62730ea9217e9700a0ad6ac41b7cda,20260809,WORD,S3-R1,,A2.1,SUCCESS,S3,SUMMARY_DESCRIPTION,155678,49870,0,,0.6491845730779152
0.6280930419089633,0.5239621649261927,4.0,BALANCED,LOGREG,S3-C4,4f62fdf4164594126c421955804b654cd5d5f8f7b46ada345ae0cffa71460d0f,684a5b92695f4364e7ff,150000,,25.003994291997515,3,0.4726034189242108,089f7e6446648fbb67d77408f128ea69cee0928cd2d4b60a791b1eefcc5a40fd,0.027422708000813145,85faacae1e7f411d68803653388611c37c62730ea9217e9700a0ad6ac41b7cda,20260809,WORD,S3-R1,,A2.1,SUCCESS,S3,SUMMARY_DESCRIPTION,155678,49870,0,,0.6578778237877376
0.7085124164278892,0.6827731401736293,0.25,BALANCED,LOGREG,S2-C0.25,4f62fdf4164594126c421955804b654cd5d5f8f7b46ada345ae0cffa71460d0f,fa0bf81651804e86eee9,300000,,6.767636500000663,1,0.6086045929497733,089f7e6446648fbb67d77408f128ea69cee0928cd2d4b60a791b1eefcc5a40fd,0.07025520899696858,85faacae1e7f411d68803653388611c37c62730ea9217e9700a0ad6ac41b7cda,20260809,WORD_CHAR,S2-R1,,A2.1,SUCCESS,S2,SUMMARY_DESCRIPTION,51891,50256,0,,0.7440473521858689
0.7244707099649793,0.6781755661133197,0.5,BALANCED,LOGREG,S2-C0.5,4f62fdf4164594126c421955804b654cd5d5f8f7b46ada345ae0cffa71460d0f,c5d2d28ec3bb7be9a9e1,300000,,6.122282500000438,1,0.6156518244270467,089f7e6446648fbb67d77408f128ea69cee0928cd2d4b60a791b1eefcc5a40fd,0.07065137500103447,85faacae1e7f411d68803653388611c37c62730ea9217e9700a0ad6ac41b7cda,20260809,WORD_CHAR,S2-R1,,A2.1,SUCCESS,S2,SUMMARY_DESCRIPTION,51891,50256,0,,0.7557275014019809
0.7421800382043935,0.6705095596030097,1.0,BALANCED,LOGREG,S2-C1,4f62fdf4164594126c421955804b654cd5d5f8f7b46ada345ae0cffa71460d0f,17f3264743be7637433c,300000,,8.639298792000773,1,0.6219786298366173,089f7e6446648fbb67d77408f128ea69cee0928cd2d4b60a791b1eefcc5a40fd,0.07010087500020745,85faacae1e7f411d68803653388611c37c62730ea9217e9700a0ad6ac41b7cda,20260809,WORD_CHAR,S2-R1,,A2.1,SUCCESS,S2,SUMMARY_DESCRIPTION,51891,50256,0,,0.7679814132388402
0.7578995542820758,0.6609437677113115,2.0,BALANCED,LOGREG,S2-C2,4f62fdf4164594126c421955804b654cd5d5f8f7b46ada345ae0cffa71460d0f,e08322f881c79bb2f5c8,300000,,10.445580250001512,1,0.6257286865092199,089f7e6446648fbb67d77408f128ea69cee0928cd2d4b60a791b1eefcc5a40fd,0.07119983300071908,85faacae1e7f411d68803653388611c37c62730ea9217e9700a0ad6ac41b7cda,20260809,WORD_CHAR,S2-R1,,A2.1,SUCCESS,S2,SUMMARY_DESCRIPTION,51891,50256,0,,0.778067062885488
0.7705746577523082,0.6490063273464246,4.0,BALANCED,LOGREG,S2-C4,4f62fdf4164594126c421955804b654cd5d5f8f7b46ada345ae0cffa71460d0f,66caed1e3e6736b7d884,300000,,12.381765207999706,1,0.6257927436171102,089f7e6446648fbb67d77408f128ea69cee0928cd2d4b60a791b1eefcc5a40fd,0.06997625000076368,85faacae1e7f411d68803653388611c37c62730ea9217e9700a0ad6ac41b7cda,20260809,WORD_CHAR,S2-R1,,A2.1,SUCCESS,S2,SUMMARY_DESCRIPTION,51891,50256,0,,0.7852195845755806
0.7518368661553636,0.6848747153969059,0.25,BALANCED,LOGREG,S2-C0.25,4f62fdf4164594126c421955804b654cd5d5f8f7b46ada345ae0cffa71460d0f,ee9d77d3dab64290c451,300000,,16.91522262500075,2,0.6281185529900136,089f7e6446648fbb67d77408f128ea69cee0928cd2d4b60a791b1eefcc5a40fd,0.15184058399972855,85faacae1e7f411d68803653388611c37c62730ea9217e9700a0ad6ac41b7cda,20260809,WORD_CHAR,S2-R1,,A2.1,SUCCESS,S2,SUMMARY_DESCRIPTION,103787,49677,0,,0.7789354643274831
0.7660084143567446,0.6817184444116564,0.5,BALANCED,LOGREG,S2-C0.5,4f62fdf4164594126c421955804b654cd5d5f8f7b46ada345ae0cffa71460d0f,5e610d06efe4802212a7,300000,,14.95328491699911,2,0.6349279375132814,089f7e6446648fbb67d77408f128ea69cee0928cd2d4b60a791b1eefcc5a40fd,0.08530787500058068,85faacae1e7f411d68803653388611c37c62730ea9217e9700a0ad6ac41b7cda,20260809,WORD_CHAR,S2-R1,,A2.1,SUCCESS,S2,SUMMARY_DESCRIPTION,103787,49677,0,,0.7887395401492651
0.7777240976709544,0.6723613588412027,1.0,BALANCED,LOGREG,S2-C1,4f62fdf4164594126c421955804b654cd5d5f8f7b46ada345ae0cffa71460d0f,ee874e4b385b0e48c28e,300000,,21.90025804099787,2,0.6370215944389799,089f7e6446648fbb67d77408f128ea69cee0928cd2d4b60a791b1eefcc5a40fd,0.07355995900070411,85faacae1e7f411d68803653388611c37c62730ea9217e9700a0ad6ac41b7cda,20260809,WORD_CHAR,S2-R1,,A2.1,SUCCESS,S2,SUMMARY_DESCRIPTION,103787,49677,0,,0.7959209360080457
0.7879098979406969,0.6610422519070689,2.0,BALANCED,LOGREG,S2-C2,4f62fdf4164594126c421955804b654cd5d5f8f7b46ada345ae0cffa71460d0f,a552b49fe4dad150f0a4,300000,,26.40659095799856,2,0.6366332874556397,089f7e6446648fbb67d77408f128ea69cee0928cd2d4b60a791b1eefcc5a40fd,0.09939491700060898,85faacae1e7f411d68803653388611c37c62730ea9217e9700a0ad6ac41b7cda,20260809,WORD_CHAR,S2-R1,,A2.1,SUCCESS,S2,SUMMARY_DESCRIPTION,103787,49677,0,,0.8014834021916257
0.7932242285162148,0.645687115196892,4.0,BALANCED,LOGREG,S2-C4,4f62fdf4164594126c421955804b654cd5d5f8f7b46ada345ae0cffa71460d0f,0808cc8fe21883602d9e,300000,,34.880258666999,2,0.6303165363323249,089f7e6446648fbb67d77408f128ea69cee0928cd2d4b60a791b1eefcc5a40fd,0.07822604200191563,85faacae1e7f411d68803653388611c37c62730ea9217e9700a0ad6ac41b7cda,20260809,WORD_CHAR,S2-R1,,A2.1,SUCCESS,S2,SUMMARY_DESCRIPTION,103787,49677,0,,0.8028671861880149
0.7359935833166232,0.7071946714819237,0.25,BALANCED,LOGREG,S2-C0.25,4f62fdf4164594126c421955804b654cd5d5f8f7b46ada345ae0cffa71460d0f,4be800d1a3d8e9258ace,300000,,26.626843999998528,3,0.6297975386458492,089f7e6446648fbb67d77408f128ea69cee0928cd2d4b60a791b1eefcc5a40fd,0.29881312499855994,85faacae1e7f411d68803653388611c37c62730ea9217e9700a0ad6ac41b7cda,20260809,WORD_CHAR,S2-R1,,A2.1,SUCCESS,S2,SUMMARY_DESCRIPTION,155678,49870,0,,0.7684129973280606
0.7496290354922799,0.7048004945746739,0.5,BALANCED,LOGREG,S2-C0.5,4f62fdf4164594126c421955804b654cd5d5f8f7b46ada345ae0cffa71460d0f,d14b65130e67d2feed19,300000,,26.50141679200169,3,0.6371017295278592,089f7e6446648fbb67d77408f128ea69cee0928cd2d4b60a791b1eefcc5a40fd,0.11762129199996707,85faacae1e7f411d68803653388611c37c62730ea9217e9700a0ad6ac41b7cda,20260809,WORD_CHAR,S2-R1,,A2.1,SUCCESS,S2,SUMMARY_DESCRIPTION,155678,49870,0,,0.778374757800944
0.7601764587928614,0.6930211699869347,1.0,BALANCED,LOGREG,S2-C1,4f62fdf4164594126c421955804b654cd5d5f8f7b46ada345ae0cffa71460d0f,c707fba08c555a9f13a4,300000,,39.63693254200189,3,0.6382546652775049,089f7e6446648fbb67d77408f128ea69cee0928cd2d4b60a791b1eefcc5a40fd,0.1192662499997823,85faacae1e7f411d68803653388611c37c62730ea9217e9700a0ad6ac41b7cda,20260809,WORD_CHAR,S2-R1,,A2.1,SUCCESS,S2,SUMMARY_DESCRIPTION,155678,49870,0,,0.7850728957665692
0.7698816924002406,0.6792107021677053,2.0,BALANCED,LOGREG,S2-C2,4f62fdf4164594126c421955804b654cd5d5f8f7b46ada345ae0cffa71460d0f,25a3b6f7245682af538e,300000,,45.310899084000994,3,0.6373470111806732,089f7e6446648fbb67d77408f128ea69cee0928cd2d4b60a791b1eefcc5a40fd,0.12445333299910999,85faacae1e7f411d68803653388611c37c62730ea9217e9700a0ad6ac41b7cda,20260809,WORD_CHAR,S2-R1,,A2.1,SUCCESS,S2,SUMMARY_DESCRIPTION,155678,49870,0,,0.7906138655670005
0.7773009825546421,0.6657548371592426,4.0,BALANCED,LOGREG,S2-C4,4f62fdf4164594126c421955804b654cd5d5f8f7b46ada345ae0cffa71460d0f,c0bb3b84497a61965c6e,300000,,61.92277345800176,3,0.6345564757331373,089f7e6446648fbb67d77408f128ea69cee0928cd2d4b60a791b1eefcc5a40fd,0.1037562080018688,85faacae1e7f411d68803653388611c37c62730ea9217e9700a0ad6ac41b7cda,20260809,WORD_CHAR,S2-R1,,A2.1,SUCCESS,S2,SUMMARY_DESCRIPTION,155678,49870,0,,0.7942280775627362
0.6779091053804521,0.2582165380388041,0.25,BALANCED,LINEARSVC,S6-R1,4f62fdf4164594126c421955804b654cd5d5f8f7b46ada345ae0cffa71460d0f,1566ebdaa4593ef7a82b,150000,,15.226054416998522,1,0.24785900186572962,089f7e6446648fbb67d77408f128ea69cee0928cd2d4b60a791b1eefcc5a40fd,0.26443674999973155,85faacae1e7f411d68803653388611c37c62730ea9217e9700a0ad6ac41b7cda,20260809,CHAR,S6-R1,,A2.2,SUCCESS,S6,SUMMARY_DESCRIPTION,51891,50256,0,,0.6714025098056989
0.6872798276868571,0.2857457681505267,0.25,BALANCED,LINEARSVC,S6-R1,4f62fdf4164594126c421955804b654cd5d5f8f7b46ada345ae0cffa71460d0f,5c0924a39acecc3cfd55,150000,,31.318100624997896,2,0.2722654903913188,089f7e6446648fbb67d77408f128ea69cee0928cd2d4b60a791b1eefcc5a40fd,0.19796641699940665,85faacae1e7f411d68803653388611c37c62730ea9217e9700a0ad6ac41b7cda,20260809,CHAR,S6-R1,,A2.2,SUCCESS,S6,SUMMARY_DESCRIPTION,103787,49677,0,,0.6802856388814523
0.6627631842791257,0.3152569228319717,0.25,BALANCED,LINEARSVC,S6-R1,4f62fdf4164594126c421955804b654cd5d5f8f7b46ada345ae0cffa71460d0f,b04a2b3abdd27fd95ab7,150000,,163.33213420800166,3,0.2870007594399639,089f7e6446648fbb67d77408f128ea69cee0928cd2d4b60a791b1eefcc5a40fd,0.375475542001368,85faacae1e7f411d68803653388611c37c62730ea9217e9700a0ad6ac41b7cda,20260809,CHAR,S6-R1,,A2.2,SUCCESS,S6,SUMMARY_DESCRIPTION,155678,49870,0,,0.6708176618333772
0.6713825214899714,0.2625907941839043,0.25,BALANCED,LINEARSVC,S6-R2,4f62fdf4164594126c421955804b654cd5d5f8f7b46ada345ae0cffa71460d0f,b52633d5ec6570759d4d,150000,,17.95005250000031,1,0.2500772813881048,089f7e6446648fbb67d77408f128ea69cee0928cd2d4b60a791b1eefcc5a40fd,0.2465800419995503,85faacae1e7f411d68803653388611c37c62730ea9217e9700a0ad6ac41b7cda,20260809,CHAR,S6-R2,,A2.2,SUCCESS,S6,SUMMARY_DESCRIPTION,51891,50256,0,,0.6681211840415788
0.6823077077923385,0.2870230645924276,0.25,BALANCED,LINEARSVC,S6-R2,4f62fdf4164594126c421955804b654cd5d5f8f7b46ada345ae0cffa71460d0f,6926e22856260a208b91,150000,,39.86880708299941,2,0.26994326350907,089f7e6446648fbb67d77408f128ea69cee0928cd2d4b60a791b1eefcc5a40fd,0.2442338339969865,85faacae1e7f411d68803653388611c37c62730ea9217e9700a0ad6ac41b7cda,20260809,CHAR,S6-R2,,A2.2,SUCCESS,S6,SUMMARY_DESCRIPTION,103787,49677,0,,0.6772946612974108
0.6599759374373371,0.3220747192081967,0.25,BALANCED,LINEARSVC,S6-R2,4f62fdf4164594126c421955804b654cd5d5f8f7b46ada345ae0cffa71460d0f,46dfdc7a110bf10ff82e,150000,,191.22530449999977,3,0.2895797547820012,089f7e6446648fbb67d77408f128ea69cee0928cd2d4b60a791b1eefcc5a40fd,0.502196333000029,85faacae1e7f411d68803653388611c37c62730ea9217e9700a0ad6ac41b7cda,20260809,CHAR,S6-R2,,A2.2,SUCCESS,S6,SUMMARY_DESCRIPTION,155678,49870,0,,0.6694078283809014
0.6763769500159185,0.26034218289886185,0.25,BALANCED,LINEARSVC,S6-R3,4f62fdf4164594126c421955804b654cd5d5f8f7b46ada345ae0cffa71460d0f,c8db49408c161a1845df,150000,,17.63173354099854,1,0.24886062791511598,089f7e6446648fbb67d77408f128ea69cee0928cd2d4b60a791b1eefcc5a40fd,0.23313129199959803,85faacae1e7f411d68803653388611c37c62730ea9217e9700a0ad6ac41b7cda,20260809,CHAR,S6-R3,,A2.2,SUCCESS,S6,SUMMARY_DESCRIPTION,51891,50256,0,,0.6705988064365589
0.6869980071260342,0.28704872846000745,0.25,BALANCED,LINEARSVC,S6-R3,4f62fdf4164594126c421955804b654cd5d5f8f7b46ada345ae0cffa71460d0f,e410d47808005004d3d0,150000,,39.11404974999823,2,0.2729524534627543,089f7e6446648fbb67d77408f128ea69cee0928cd2d4b60a791b1eefcc5a40fd,0.23601016700195032,85faacae1e7f411d68803653388611c37c62730ea9217e9700a0ad6ac41b7cda,20260809,CHAR,S6-R3,,A2.2,SUCCESS,S6,SUMMARY_DESCRIPTION,103787,49677,0,,0.680389195000142
0.6623821937036294,0.31940861626076994,0.25,BALANCED,LINEARSVC,S6-R3,4f62fdf4164594126c421955804b654cd5d5f8f7b46ada345ae0cffa71460d0f,c053d23b64be078d45c6,150000,,209.8378174999998,3,0.2894635448266668,089f7e6446648fbb67d77408f128ea69cee0928cd2d4b60a791b1eefcc5a40fd,0.4476035839979886,85faacae1e7f411d68803653388611c37c62730ea9217e9700a0ad6ac41b7cda,20260809,CHAR,S6-R3,,A2.2,SUCCESS,S6,SUMMARY_DESCRIPTION,155678,49870,0,,0.6710416510948156
0.6782672715695638,0.2578549323456515,0.25,BALANCED,LINEARSVC,S6-R4,4f62fdf4164594126c421955804b654cd5d5f8f7b46ada345ae0cffa71460d0f,dd0b3409393e037e0ccf,150000,,14.591194249998807,1,0.24763414792365937,089f7e6446648fbb67d77408f128ea69cee0928cd2d4b60a791b1eefcc5a40fd,0.21140412499880767,85faacae1e7f411d68803653388611c37c62730ea9217e9700a0ad6ac41b7cda,20260809,CHAR,S6-R4,,A2.2,SUCCESS,S6,SUMMARY_DESCRIPTION,51891,50256,0,,0.6714486263082554
0.6873603478470922,0.28536665570178077,0.25,BALANCED,LINEARSVC,S6-R4,4f62fdf4164594126c421955804b654cd5d5f8f7b46ada345ae0cffa71460d0f,faa8d6b86d46f5521449,150000,,32.00763083399943,2,0.27197706442982833,089f7e6446648fbb67d77408f128ea69cee0928cd2d4b60a791b1eefcc5a40fd,0.19348412500039558,85faacae1e7f411d68803653388611c37c62730ea9217e9700a0ad6ac41b7cda,20260809,CHAR,S6-R4,,A2.2,SUCCESS,S6,SUMMARY_DESCRIPTION,103787,49677,0,,0.6802683641830951
0.6628032885502306,0.31532671835175696,0.25,BALANCED,LINEARSVC,S6-R4,4f62fdf4164594126c421955804b654cd5d5f8f7b46ada345ae0cffa71460d0f,aa5b26f55c98cbaa5cde,150000,,145.63262824999765,3,0.28721360818641356,089f7e6446648fbb67d77408f128ea69cee0928cd2d4b60a791b1eefcc5a40fd,0.4184379589969467,85faacae1e7f411d68803653388611c37c62730ea9217e9700a0ad6ac41b7cda,20260809,CHAR,S6-R4,,A2.2,SUCCESS,S6,SUMMARY_DESCRIPTION,155678,49870,0,,0.6708197322695263
0.6846744667303406,0.2540976328669636,0.25,BALANCED,LINEARSVC,S6-R5,4f62fdf4164594126c421955804b654cd5d5f8f7b46ada345ae0cffa71460d0f,ba93980fb0026e1f3061,250000,,13.458195457998954,1,0.2464597120901955,089f7e6446648fbb67d77408f128ea69cee0928cd2d4b60a791b1eefcc5a40fd,0.1887084159970982,85faacae1e7f411d68803653388611c37c62730ea9217e9700a0ad6ac41b7cda,20260809,CHAR,S6-R5,,A2.2,SUCCESS,S6,SUMMARY_DESCRIPTION,51891,50256,0,,0.6741614009660276
0.6945870322281942,0.28159277315552966,0.25,BALANCED,LINEARSVC,S6-R5,4f62fdf4164594126c421955804b654cd5d5f8f7b46ada345ae0cffa71460d0f,9dcba1c540ae5b65e786,250000,,29.921506375001627,2,0.27252686429932654,089f7e6446648fbb67d77408f128ea69cee0928cd2d4b60a791b1eefcc5a40fd,0.1859903749973455,85faacae1e7f411d68803653388611c37c62730ea9217e9700a0ad6ac41b7cda,20260809,CHAR,S6-R5,,A2.2,SUCCESS,S6,SUMMARY_DESCRIPTION,103787,49677,0,,0.6835564246135952
0.6690194505714858,0.3119400156986916,0.25,BALANCED,LINEARSVC,S6-R5,4f62fdf4164594126c421955804b654cd5d5f8f7b46ada345ae0cffa71460d0f,394ca62370e4d01b0bb2,250000,,47.78748624999935,3,0.28861856944945935,089f7e6446648fbb67d77408f128ea69cee0928cd2d4b60a791b1eefcc5a40fd,0.2508773330009717,85faacae1e7f411d68803653388611c37c62730ea9217e9700a0ad6ac41b7cda,20260809,CHAR,S6-R5,,A2.2,SUCCESS,S6,SUMMARY_DESCRIPTION,155678,49870,0,,0.6738561867081477
0.6811723973256925,0.2571635929605783,0.25,BALANCED,LINEARSVC,S6-R6,4f62fdf4164594126c421955804b654cd5d5f8f7b46ada345ae0cffa71460d0f,60ddfb27aea577f31537,250000,,16.410742667001614,1,0.24850861307884384,089f7e6446648fbb67d77408f128ea69cee0928cd2d4b60a791b1eefcc5a40fd,0.2272757080027077,85faacae1e7f411d68803653388611c37c62730ea9217e9700a0ad6ac41b7cda,20260809,CHAR,S6-R6,,A2.2,SUCCESS,S6,SUMMARY_DESCRIPTION,51891,50256,0,,0.6724785067208795
0.6891317913722649,0.2832674498626752,0.25,BALANCED,LINEARSVC,S6-R6,4f62fdf4164594126c421955804b654cd5d5f8f7b46ada345ae0cffa71460d0f,d84bcac893708c9ab31b,250000,,36.60502941700179,2,0.2708978419671368,089f7e6446648fbb67d77408f128ea69cee0928cd2d4b60a791b1eefcc5a40fd,0.2284114159992896,85faacae1e7f411d68803653388611c37c62730ea9217e9700a0ad6ac41b7cda,20260809,CHAR,S6-R6,,A2.2,SUCCESS,S6,SUMMARY_DESCRIPTION,103787,49677,0,,0.6806399168792713
0.6667134549829556,0.316946821880125,0.25,BALANCED,LINEARSVC,S6-R6,4f62fdf4164594126c421955804b654cd5d5f8f7b46ada345ae0cffa71460d0f,324c4af789ea7f2d00dd,250000,,59.37835850000192,3,0.2909400425015666,089f7e6446648fbb67d77408f128ea69cee0928cd2d4b60a791b1eefcc5a40fd,0.49747512499743607,85faacae1e7f411d68803653388611c37c62730ea9217e9700a0ad6ac41b7cda,20260809,CHAR,S6-R6,,A2.2,SUCCESS,S6,SUMMARY_DESCRIPTION,155678,49870,0,,0.672644946156428
0.6454353709009869,0.4794178610745532,2.0,BALANCED,LOGREG,S3-R1,4f62fdf4164594126c421955804b654cd5d5f8f7b46ada345ae0cffa71460d0f,351bff2c547fe38ad65b,150000,,7.527777584000432,1,0.4512032731029109,089f7e6446648fbb67d77408f128ea69cee0928cd2d4b60a791b1eefcc5a40fd,0.022346875000948785,85faacae1e7f411d68803653388611c37c62730ea9217e9700a0ad6ac41b7cda,20260809,WORD,S3-R1,,A2.2,SUCCESS,S3,SUMMARY_DESCRIPTION,51891,50256,0,,0.6657111168581386
0.6408800853513699,0.5106576839783222,2.0,BALANCED,LOGREG,S3-R1,4f62fdf4164594126c421955804b654cd5d5f8f7b46ada345ae0cffa71460d0f,e91eaac3d983d19c5203,150000,,14.890108291998331,2,0.470515364731291,089f7e6446648fbb67d77408f128ea69cee0928cd2d4b60a791b1eefcc5a40fd,0.022816417000285583,85faacae1e7f411d68803653388611c37c62730ea9217e9700a0ad6ac41b7cda,20260809,WORD,S3-R1,,A2.2,SUCCESS,S3,SUMMARY_DESCRIPTION,103787,49677,0,,0.6664044150046541
0.6153398836976138,0.5375787230292798,2.0,BALANCED,LOGREG,S3-R1,4f62fdf4164594126c421955804b654cd5d5f8f7b46ada345ae0cffa71460d0f,63315c67bf3ea7886752,150000,,28.3262241659977,3,0.47323134537646133,089f7e6446648fbb67d77408f128ea69cee0928cd2d4b60a791b1eefcc5a40fd,0.02815420800106949,85faacae1e7f411d68803653388611c37c62730ea9217e9700a0ad6ac41b7cda,20260809,WORD,S3-R1,,A2.2,SUCCESS,S3,SUMMARY_DESCRIPTION,155678,49870,0,,0.6491845730779152
0.5697628143903215,0.49951789018207693,2.0,BALANCED,LOGREG,S3-R2,4f62fdf4164594126c421955804b654cd5d5f8f7b46ada345ae0cffa71460d0f,2a3859d9f18eaa92e5e9,54749,,3.5626989580014197,1,0.431568981104043,089f7e6446648fbb67d77408f128ea69cee0928cd2d4b60a791b1eefcc5a40fd,0.010802790999150602,85faacae1e7f411d68803653388611c37c62730ea9217e9700a0ad6ac41b7cda,20260809,WORD,S3-R2,,A2.2,SUCCESS,S3,SUMMARY_DESCRIPTION,51891,50256,0,,0.6105902791667343
0.5709483261871691,0.5197997723716316,2.0,BALANCED,LOGREG,S3-R2,4f62fdf4164594126c421955804b654cd5d5f8f7b46ada345ae0cffa71460d0f,09fe67b531df4476543e,94789,,10.051663958001882,2,0.44271695540185557,089f7e6446648fbb67d77408f128ea69cee0928cd2d4b60a791b1eefcc5a40fd,0.011338000000250759,85faacae1e7f411d68803653388611c37c62730ea9217e9700a0ad6ac41b7cda,20260809,WORD,S3-R2,,A2.2,SUCCESS,S3,SUMMARY_DESCRIPTION,103787,49677,0,,0.6138145327123072
0.5582915580509324,0.5495371051550624,2.0,BALANCED,LOGREG,S3-R2,4f62fdf4164594126c421955804b654cd5d5f8f7b46ada345ae0cffa71460d0f,61cde52bb4a0956e5bf8,130132,,18.515563375000056,3,0.4502709686112261,089f7e6446648fbb67d77408f128ea69cee0928cd2d4b60a791b1eefcc5a40fd,0.015755250002257526,85faacae1e7f411d68803653388611c37c62730ea9217e9700a0ad6ac41b7cda,20260809,WORD,S3-R2,,A2.2,SUCCESS,S3,SUMMARY_DESCRIPTION,155678,49870,0,,0.6031845486011181
0.6380929640241961,0.4791306248010005,2.0,BALANCED,LOGREG,S3-R3,4f62fdf4164594126c421955804b654cd5d5f8f7b46ada345ae0cffa71460d0f,d488fc49dbfb87172b7a,150000,,7.426106083999912,1,0.4482310531731008,089f7e6446648fbb67d77408f128ea69cee0928cd2d4b60a791b1eefcc5a40fd,0.03293683300216799,85faacae1e7f411d68803653388611c37c62730ea9217e9700a0ad6ac41b7cda,20260809,WORD,S3-R3,,A2.2,SUCCESS,S3,SUMMARY_DESCRIPTION,51891,50256,0,,0.6603900969878139
0.6302514242003342,0.5100693191098267,2.0,BALANCED,LOGREG,S3-R3,4f62fdf4164594126c421955804b654cd5d5f8f7b46ada345ae0cffa71460d0f,2522def56f1a51e2c4d7,150000,,17.640648167001928,2,0.46512949036131795,089f7e6446648fbb67d77408f128ea69cee0928cd2d4b60a791b1eefcc5a40fd,0.02729883299980429,85faacae1e7f411d68803653388611c37c62730ea9217e9700a0ad6ac41b7cda,20260809,WORD,S3-R3,,A2.2,SUCCESS,S3,SUMMARY_DESCRIPTION,103787,49677,0,,0.6587882669786146
0.6010026067776219,0.5379093545837486,2.0,BALANCED,LOGREG,S3-R3,4f62fdf4164594126c421955804b654cd5d5f8f7b46ada345ae0cffa71460d0f,242437199216be72a475,150000,,28.74927533299706,3,0.4663634938805965,089f7e6446648fbb67d77408f128ea69cee0928cd2d4b60a791b1eefcc5a40fd,0.028219375002663583,85faacae1e7f411d68803653388611c37c62730ea9217e9700a0ad6ac41b7cda,20260809,WORD,S3-R3,,A2.2,SUCCESS,S3,SUMMARY_DESCRIPTION,155678,49870,0,,0.6378989230740657
0.6480022285896211,0.47907613968448076,2.0,BALANCED,LOGREG,S3-R4,4f62fdf4164594126c421955804b654cd5d5f8f7b46ada345ae0cffa71460d0f,83b3d610374c1632855a,149793,,7.61988408400066,1,0.45194376524011876,089f7e6446648fbb67d77408f128ea69cee0928cd2d4b60a791b1eefcc5a40fd,0.022317083999951137,85faacae1e7f411d68803653388611c37c62730ea9217e9700a0ad6ac41b7cda,20260809,WORD,S3-R4,,A2.2,SUCCESS,S3,SUMMARY_DESCRIPTION,51891,50256,0,,0.6676354768548459
0.6422287980353081,0.5109879440914731,2.0,BALANCED,LOGREG,S3-R4,4f62fdf4164594126c421955804b654cd5d5f8f7b46ada345ae0cffa71460d0f,4e7d04cc516b4a09f31e,150000,,18.69182979100151,2,0.47134376013989493,089f7e6446648fbb67d77408f128ea69cee0928cd2d4b60a791b1eefcc5a40fd,0.022806875000242144,85faacae1e7f411d68803653388611c37c62730ea9217e9700a0ad6ac41b7cda,20260809,WORD,S3-R4,,A2.2,SUCCESS,S3,SUMMARY_DESCRIPTION,103787,49677,0,,0.6674103084242574
0.6145979546821736,0.5392411755815726,2.0,BALANCED,LOGREG,S3-R4,4f62fdf4164594126c421955804b654cd5d5f8f7b46ada345ae0cffa71460d0f,4494fa30107c1cb4edd6,150000,,24.585320041998784,3,0.47374743408095016,089f7e6446648fbb67d77408f128ea69cee0928cd2d4b60a791b1eefcc5a40fd,0.03206220900028711,85faacae1e7f411d68803653388611c37c62730ea9217e9700a0ad6ac41b7cda,20260809,WORD,S3-R4,,A2.2,SUCCESS,S3,SUMMARY_DESCRIPTION,155678,49870,0,,0.6486014507818614
0.6565982171283031,0.475429250869682,2.0,BALANCED,LOGREG,S3-R5,4f62fdf4164594126c421955804b654cd5d5f8f7b46ada345ae0cffa71460d0f,4e334c232cd33457da95,250000,,5.773117000000639,1,0.45246325949229327,089f7e6446648fbb67d77408f128ea69cee0928cd2d4b60a791b1eefcc5a40fd,0.024118958997860318,85faacae1e7f411d68803653388611c37c62730ea9217e9700a0ad6ac41b7cda,20260809,WORD,S3-R5,,A2.2,SUCCESS,S3,SUMMARY_DESCRIPTION,51891,50256,0,,0.6730393669576684
0.6525353785454033,0.5117025065304441,2.0,BALANCED,LOGREG,S3-R5,4f62fdf4164594126c421955804b654cd5d5f8f7b46ada345ae0cffa71460d0f,d3713dd6fce740784daa,250000,,16.349645207999856,2,0.47668783061448267,089f7e6446648fbb67d77408f128ea69cee0928cd2d4b60a791b1eefcc5a40fd,0.02448625000033644,85faacae1e7f411d68803653388611c37c62730ea9217e9700a0ad6ac41b7cda,20260809,WORD,S3-R5,,A2.2,SUCCESS,S3,SUMMARY_DESCRIPTION,103787,49677,0,,0.6748527481707781
0.6230198516141969,0.5425576089793099,2.0,BALANCED,LOGREG,S3-R5,4f62fdf4164594126c421955804b654cd5d5f8f7b46ada345ae0cffa71460d0f,c7a2aad12ca8206200f0,250000,,22.64373825000075,3,0.4795317351959596,089f7e6446648fbb67d77408f128ea69cee0928cd2d4b60a791b1eefcc5a40fd,0.03157574999931967,85faacae1e7f411d68803653388611c37c62730ea9217e9700a0ad6ac41b7cda,20260809,WORD,S3-R5,,A2.2,SUCCESS,S3,SUMMARY_DESCRIPTION,155678,49870,0,,0.6553459884106745
0.6560808659662528,0.4739339375608971,2.0,BALANCED,LOGREG,S3-R6,4f62fdf4164594126c421955804b654cd5d5f8f7b46ada345ae0cffa71460d0f,44a4669afa2773236f72,250000,,11.382688875000895,1,0.45129314152084604,089f7e6446648fbb67d77408f128ea69cee0928cd2d4b60a791b1eefcc5a40fd,0.029456333999405615,85faacae1e7f411d68803653388611c37c62730ea9217e9700a0ad6ac41b7cda,20260809,WORD,S3-R6,,A2.2,SUCCESS,S3,SUMMARY_DESCRIPTION,51891,50256,0,,0.6723925738214619
0.6510256255409949,0.5077603167957538,2.0,BALANCED,LOGREG,S3-R6,4f62fdf4164594126c421955804b654cd5d5f8f7b46ada345ae0cffa71460d0f,cbc1f582bacacd7fb663,250000,,20.398928666996653,2,0.47339818219409446,089f7e6446648fbb67d77408f128ea69cee0928cd2d4b60a791b1eefcc5a40fd,0.03622141700179782,85faacae1e7f411d68803653388611c37c62730ea9217e9700a0ad6ac41b7cda,20260809,WORD,S3-R6,,A2.2,SUCCESS,S3,SUMMARY_DESCRIPTION,103787,49677,0,,0.6736251343110822
0.6175857228794867,0.5388690219985505,2.0,BALANCED,LOGREG,S3-R6,4f62fdf4164594126c421955804b654cd5d5f8f7b46ada345ae0cffa71460d0f,af9902d7c5351cebd7a1,250000,,26.145758958999068,3,0.4751659011170141,089f7e6446648fbb67d77408f128ea69cee0928cd2d4b60a791b1eefcc5a40fd,0.03422766700168722,85faacae1e7f411d68803653388611c37c62730ea9217e9700a0ad6ac41b7cda,20260809,WORD,S3-R6,,A2.2,SUCCESS,S3,SUMMARY_DESCRIPTION,155678,49870,0,,0.6507555969248603
0.7578995542820758,0.6609437677113115,2.0,BALANCED,LOGREG,S2-R1,4f62fdf4164594126c421955804b654cd5d5f8f7b46ada345ae0cffa71460d0f,6ccad459233e80a52fbc,300000,,9.774817875000736,1,0.6257286865092199,089f7e6446648fbb67d77408f128ea69cee0928cd2d4b60a791b1eefcc5a40fd,0.05578129199784598,85faacae1e7f411d68803653388611c37c62730ea9217e9700a0ad6ac41b7cda,20260809,WORD_CHAR,S2-R1,,A2.2,SUCCESS,S2,SUMMARY_DESCRIPTION,51891,50256,0,,0.778067062885488
0.7879098979406969,0.6610422519070689,2.0,BALANCED,LOGREG,S2-R1,4f62fdf4164594126c421955804b654cd5d5f8f7b46ada345ae0cffa71460d0f,edb16246af769cdcb70d,300000,,24.385702375002438,2,0.6366332874556397,089f7e6446648fbb67d77408f128ea69cee0928cd2d4b60a791b1eefcc5a40fd,0.27959995799756143,85faacae1e7f411d68803653388611c37c62730ea9217e9700a0ad6ac41b7cda,20260809,WORD_CHAR,S2-R1,,A2.2,SUCCESS,S2,SUMMARY_DESCRIPTION,103787,49677,0,,0.8014834021916257
0.7698816924002406,0.6792107021677053,2.0,BALANCED,LOGREG,S2-R1,4f62fdf4164594126c421955804b654cd5d5f8f7b46ada345ae0cffa71460d0f,126728eda217b2aeb53b,300000,,41.452265374999115,3,0.6373470111806732,089f7e6446648fbb67d77408f128ea69cee0928cd2d4b60a791b1eefcc5a40fd,0.09502024999892456,85faacae1e7f411d68803653388611c37c62730ea9217e9700a0ad6ac41b7cda,20260809,WORD_CHAR,S2-R1,,A2.2,SUCCESS,S2,SUMMARY_DESCRIPTION,155678,49870,0,,0.7906138655670005
0.7619189748487742,0.6623537051010375,2.0,BALANCED,LOGREG,S2-R2,4f62fdf4164594126c421955804b654cd5d5f8f7b46ada345ae0cffa71460d0f,b7d307c9917bd0bec6ae,400000,,9.752279874999658,1,0.6286711551328739,089f7e6446648fbb67d77408f128ea69cee0928cd2d4b60a791b1eefcc5a40fd,0.05695991700122249,85faacae1e7f411d68803653388611c37c62730ea9217e9700a0ad6ac41b7cda,20260809,WORD_CHAR,S2-R2,,A2.2,SUCCESS,S2,SUMMARY_DESCRIPTION,51891,50256,0,,0.7810264599081843
0.7919560359925116,0.6607306269907165,2.0,BALANCED,LOGREG,S2-R2,4f62fdf4164594126c421955804b654cd5d5f8f7b46ada345ae0cffa71460d0f,03a31f855707a86f32c0,400000,,24.601920083998266,2,0.6387684803082078,089f7e6446648fbb67d77408f128ea69cee0928cd2d4b60a791b1eefcc5a40fd,0.10811399999874993,85faacae1e7f411d68803653388611c37c62730ea9217e9700a0ad6ac41b7cda,20260809,WORD_CHAR,S2-R2,,A2.2,SUCCESS,S2,SUMMARY_DESCRIPTION,103787,49677,0,,0.8041684225801413
0.7751554040505314,0.6802306748208105,2.0,BALANCED,LOGREG,S2-R2,4f62fdf4164594126c421955804b654cd5d5f8f7b46ada345ae0cffa71460d0f,3d5cc6b789e61879ae22,400000,,42.781616625001334,3,0.6409817878117703,089f7e6446648fbb67d77408f128ea69cee0928cd2d4b60a791b1eefcc5a40fd,0.4622499170000083,85faacae1e7f411d68803653388611c37c62730ea9217e9700a0ad6ac41b7cda,20260809,WORD_CHAR,S2-R2,,A2.2,SUCCESS,S2,SUMMARY_DESCRIPTION,155678,49870,0,,0.7944186283191395
0.7640878701050621,0.6620492147946659,2.0,BALANCED,LOGREG,S2-R3,4f62fdf4164594126c421955804b654cd5d5f8f7b46ada345ae0cffa71460d0f,189c3bd0100c86d59c3f,500000,,9.639649625001766,1,0.6296928130633986,089f7e6446648fbb67d77408f128ea69cee0928cd2d4b60a791b1eefcc5a40fd,0.06216708299689344,85faacae1e7f411d68803653388611c37c62730ea9217e9700a0ad6ac41b7cda,20260809,WORD_CHAR,S2-R3,,A2.2,SUCCESS,S2,SUMMARY_DESCRIPTION,51891,50256,0,,0.7824919494581714
0.7940093000785071,0.6596967627880901,2.0,BALANCED,LOGREG,S2-R3,4f62fdf4164594126c421955804b654cd5d5f8f7b46ada345ae0cffa71460d0f,036308eef66eb0df697a,500000,,24.02868191699963,2,0.6393370919501026,089f7e6446648fbb67d77408f128ea69cee0928cd2d4b60a791b1eefcc5a40fd,0.08268562499870313,85faacae1e7f411d68803653388611c37c62730ea9217e9700a0ad6ac41b7cda,20260809,WORD_CHAR,S2-R3,,A2.2,SUCCESS,S2,SUMMARY_DESCRIPTION,103787,49677,0,,0.8054057492019482
0.7779426508923201,0.6808840118054634,2.0,BALANCED,LOGREG,S2-R3,4f62fdf4164594126c421955804b654cd5d5f8f7b46ada345ae0cffa71460d0f,0e7a978ada30cbef5696,500000,,42.7675037500012,3,0.642979416472296,089f7e6446648fbb67d77408f128ea69cee0928cd2d4b60a791b1eefcc5a40fd,0.09252037500118604,85faacae1e7f411d68803653388611c37c62730ea9217e9700a0ad6ac41b7cda,20260809,WORD_CHAR,S2-R3,,A2.2,SUCCESS,S2,SUMMARY_DESCRIPTION,155678,49870,0,,0.7964383625560386
0.7572031200254696,0.6594008297719964,2.0,BALANCED,LOGREG,S2-R4,4f62fdf4164594126c421955804b654cd5d5f8f7b46ada345ae0cffa71460d0f,cbf00dbf19a58ab7cf77,300000,,10.19216858299842,1,0.6245284809299989,089f7e6446648fbb67d77408f128ea69cee0928cd2d4b60a791b1eefcc5a40fd,0.05726320800022222,85faacae1e7f411d68803653388611c37c62730ea9217e9700a0ad6ac41b7cda,20260809,WORD_CHAR,S2-R4,,A2.2,SUCCESS,S2,SUMMARY_DESCRIPTION,51891,50256,0,,0.7774014282067041
0.7843066207701753,0.6599343163188995,2.0,BALANCED,LOGREG,S2-R4,4f62fdf4164594126c421955804b654cd5d5f8f7b46ada345ae0cffa71460d0f,1afbda04dc1f13f9f496,300000,,25.613423458002217,2,0.6339507698086606,089f7e6446648fbb67d77408f128ea69cee0928cd2d4b60a791b1eefcc5a40fd,0.08583487500072806,85faacae1e7f411d68803653388611c37c62730ea9217e9700a0ad6ac41b7cda,20260809,WORD_CHAR,S2-R4,,A2.2,SUCCESS,S2,SUMMARY_DESCRIPTION,103787,49677,0,,0.7989039552548175
0.7666532985762984,0.679010627989306,2.0,BALANCED,LOGREG,S2-R4,4f62fdf4164594126c421955804b654cd5d5f8f7b46ada345ae0cffa71460d0f,53130596e3482754051a,300000,,42.30996691600012,3,0.6353546474246624,089f7e6446648fbb67d77408f128ea69cee0928cd2d4b60a791b1eefcc5a40fd,0.4137358330008283,85faacae1e7f411d68803653388611c37c62730ea9217e9700a0ad6ac41b7cda,20260809,WORD_CHAR,S2-R4,,A2.2,SUCCESS,S2,SUMMARY_DESCRIPTION,155678,49870,0,,0.7883236089535058
0.7563276026743075,0.6598567843494874,2.0,BALANCED,LOGREG,S2-R5,4f62fdf4164594126c421955804b654cd5d5f8f7b46ada345ae0cffa71460d0f,a4afa0fbdc35cf080db1,300000,,12.376579250001669,1,0.6243000290521543,089f7e6446648fbb67d77408f128ea69cee0928cd2d4b60a791b1eefcc5a40fd,0.07119820799925947,85faacae1e7f411d68803653388611c37c62730ea9217e9700a0ad6ac41b7cda,20260809,WORD_CHAR,S2-R5,,A2.2,SUCCESS,S2,SUMMARY_DESCRIPTION,51891,50256,0,,0.776846119922917
0.7851319524125853,0.6599710250281461,2.0,BALANCED,LOGREG,S2-R5,4f62fdf4164594126c421955804b654cd5d5f8f7b46ada345ae0cffa71460d0f,89c697bb0854f26ef98a,300000,,30.039738749997923,2,0.6344381698963031,089f7e6446648fbb67d77408f128ea69cee0928cd2d4b60a791b1eefcc5a40fd,0.09964962500089314,85faacae1e7f411d68803653388611c37c62730ea9217e9700a0ad6ac41b7cda,20260809,WORD_CHAR,S2-R5,,A2.2,SUCCESS,S2,SUMMARY_DESCRIPTION,103787,49677,0,,0.7994666423688293
0.7689592941648286,0.680751684975218,2.0,BALANCED,LOGREG,S2-R5,4f62fdf4164594126c421955804b654cd5d5f8f7b46ada345ae0cffa71460d0f,a9cf22719c13d584293d,300000,,50.18978049999714,3,0.6375793091591534,089f7e6446648fbb67d77408f128ea69cee0928cd2d4b60a791b1eefcc5a40fd,0.25232891700215987,85faacae1e7f411d68803653388611c37c62730ea9217e9700a0ad6ac41b7cda,20260809,WORD_CHAR,S2-R5,,A2.2,SUCCESS,S2,SUMMARY_DESCRIPTION,155678,49870,0,,0.7901281600629654
0.7602873288761541,0.6602557233486896,2.0,BALANCED,LOGREG,S2-R6,4f62fdf4164594126c421955804b654cd5d5f8f7b46ada345ae0cffa71460d0f,fa634c03abb2fd3f9447,400000,,9.891316375000315,1,0.6266534859116698,089f7e6446648fbb67d77408f128ea69cee0928cd2d4b60a791b1eefcc5a40fd,0.06623629100067774,85faacae1e7f411d68803653388611c37c62730ea9217e9700a0ad6ac41b7cda,20260809,WORD_CHAR,S2-R6,,A2.2,SUCCESS,S2,SUMMARY_DESCRIPTION,51891,50256,0,,0.7796432801220492
0.7900436821869276,0.6604475698555581,2.0,BALANCED,LOGREG,S2-R6,4f62fdf4164594126c421955804b654cd5d5f8f7b46ada345ae0cffa71460d0f,d14aa3fd32fba5399f7f,400000,,26.50344012500136,2,0.6375067217092405,089f7e6446648fbb67d77408f128ea69cee0928cd2d4b60a791b1eefcc5a40fd,0.08894345800217707,85faacae1e7f411d68803653388611c37c62730ea9217e9700a0ad6ac41b7cda,20260809,WORD_CHAR,S2-R6,,A2.2,SUCCESS,S2,SUMMARY_DESCRIPTION,103787,49677,0,,0.8028430597239848
0.7722077401243232,0.6789345410056684,2.0,BALANCED,LOGREG,S2-R6,4f62fdf4164594126c421955804b654cd5d5f8f7b46ada345ae0cffa71460d0f,c569185b276d7013ed92,400000,,42.79294624999966,3,0.6385752169938069,089f7e6446648fbb67d77408f128ea69cee0928cd2d4b60a791b1eefcc5a40fd,0.307377290999284,85faacae1e7f411d68803653388611c37c62730ea9217e9700a0ad6ac41b7cda,20260809,WORD_CHAR,S2-R6,,A2.2,SUCCESS,S2,SUMMARY_DESCRIPTION,155678,49870,0,,0.7922147199097258
0.6763769500159185,0.26034218289886185,0.25,BALANCED,LINEARSVC,S6-R3-SUMMARY_DESCRIPTION,4f62fdf4164594126c421955804b654cd5d5f8f7b46ada345ae0cffa71460d0f,13aa757d252b26af3caa,150000,REUSED_FROM_A2.2,17.63173354099854,1,0.24886062791511598,089f7e6446648fbb67d77408f128ea69cee0928cd2d4b60a791b1eefcc5a40fd,0.23313129199959803,85faacae1e7f411d68803653388611c37c62730ea9217e9700a0ad6ac41b7cda,20260809,CHAR,S6-R3,c8db49408c161a1845df,A2.3,SUCCESS,S6,SUMMARY_DESCRIPTION,51891,50256,0,,0.6705988064365589
0.6869980071260342,0.28704872846000745,0.25,BALANCED,LINEARSVC,S6-R3-SUMMARY_DESCRIPTION,4f62fdf4164594126c421955804b654cd5d5f8f7b46ada345ae0cffa71460d0f,76d398c65ae815b123c2,150000,REUSED_FROM_A2.2,39.11404974999823,2,0.2729524534627543,089f7e6446648fbb67d77408f128ea69cee0928cd2d4b60a791b1eefcc5a40fd,0.23601016700195032,85faacae1e7f411d68803653388611c37c62730ea9217e9700a0ad6ac41b7cda,20260809,CHAR,S6-R3,e410d47808005004d3d0,A2.3,SUCCESS,S6,SUMMARY_DESCRIPTION,103787,49677,0,,0.680389195000142
0.6623821937036294,0.31940861626076994,0.25,BALANCED,LINEARSVC,S6-R3-SUMMARY_DESCRIPTION,4f62fdf4164594126c421955804b654cd5d5f8f7b46ada345ae0cffa71460d0f,c3989a273deb68ab0e25,150000,REUSED_FROM_A2.2,209.8378174999998,3,0.2894635448266668,089f7e6446648fbb67d77408f128ea69cee0928cd2d4b60a791b1eefcc5a40fd,0.4476035839979886,85faacae1e7f411d68803653388611c37c62730ea9217e9700a0ad6ac41b7cda,20260809,CHAR,S6-R3,c053d23b64be078d45c6,A2.3,SUCCESS,S6,SUMMARY_DESCRIPTION,155678,49870,0,,0.6710416510948156
0.6575334288443171,0.25467416831976364,0.25,BALANCED,LINEARSVC,S6-R3-SUMMARY_ONLY,4f62fdf4164594126c421955804b654cd5d5f8f7b46ada345ae0cffa71460d0f,16fbab54dd14157316d6,85824,,3.3437274579991936,1,0.23771779718547506,089f7e6446648fbb67d77408f128ea69cee0928cd2d4b60a791b1eefcc5a40fd,0.029214666999905603,85faacae1e7f411d68803653388611c37c62730ea9217e9700a0ad6ac41b7cda,20260809,CHAR,S6-R3,,A2.3,SUCCESS,S6,SUMMARY_ONLY,51891,50256,0,,0.6548853179998381
0.6775972784185841,0.26407278580253507,0.25,BALANCED,LINEARSVC,S6-R3-SUMMARY_ONLY,4f62fdf4164594126c421955804b654cd5d5f8f7b46ada345ae0cffa71460d0f,4a0ca68a8870da6b6c39,127975,,7.8798060409972095,2,0.24416565486445566,089f7e6446648fbb67d77408f128ea69cee0928cd2d4b60a791b1eefcc5a40fd,0.03490891700130305,85faacae1e7f411d68803653388611c37c62730ea9217e9700a0ad6ac41b7cda,20260809,CHAR,S6-R3,,A2.3,SUCCESS,S6,SUMMARY_ONLY,103787,49677,0,,0.6658732383070448
0.6724283136154,0.2911355429983237,0.25,BALANCED,LINEARSVC,S6-R3-SUMMARY_ONLY,4f62fdf4164594126c421955804b654cd5d5f8f7b46ada345ae0cffa71460d0f,c64105decd5087c12dd9,150000,,25.98210758300047,3,0.2591296944780128,089f7e6446648fbb67d77408f128ea69cee0928cd2d4b60a791b1eefcc5a40fd,0.03411891699943226,85faacae1e7f411d68803653388611c37c62730ea9217e9700a0ad6ac41b7cda,20260809,CHAR,S6-R3,,A2.3,SUCCESS,S6,SUMMARY_ONLY,155678,49870,0,,0.6655624768504111
0.6758397007322509,0.24686743013109624,0.25,BALANCED,LINEARSVC,S6-R3-DESCRIPTION_ONLY,4f62fdf4164594126c421955804b654cd5d5f8f7b46ada345ae0cffa71460d0f,7908e81b87eb0c13340e,150000,,15.634723834002216,1,0.23533968254008175,089f7e6446648fbb67d77408f128ea69cee0928cd2d4b60a791b1eefcc5a40fd,0.1988052910019178,85faacae1e7f411d68803653388611c37c62730ea9217e9700a0ad6ac41b7cda,20260809,CHAR,S6-R3,,A2.3,SUCCESS,S6,DESCRIPTION_ONLY,51891,50256,0,,0.6672498981495316
0.6856291644020371,0.2730112842390136,0.25,BALANCED,LINEARSVC,S6-R3-DESCRIPTION_ONLY,4f62fdf4164594126c421955804b654cd5d5f8f7b46ada345ae0cffa71460d0f,233cab5f7dc2673833c3,150000,,33.98959383300098,2,0.25888618735510077,089f7e6446648fbb67d77408f128ea69cee0928cd2d4b60a791b1eefcc5a40fd,0.20252820799942128,85faacae1e7f411d68803653388611c37c62730ea9217e9700a0ad6ac41b7cda,20260809,CHAR,S6-R3,,A2.3,SUCCESS,S6,DESCRIPTION_ONLY,103787,49677,0,,0.6770795905872725
0.6576899939843593,0.3030031248859307,0.25,BALANCED,LINEARSVC,S6-R3-DESCRIPTION_ONLY,4f62fdf4164594126c421955804b654cd5d5f8f7b46ada345ae0cffa71460d0f,5b5d62e656c29133fc0f,150000,,177.82627820900234,3,0.2751364542129602,089f7e6446648fbb67d77408f128ea69cee0928cd2d4b60a791b1eefcc5a40fd,0.42037345900098444,85faacae1e7f411d68803653388611c37c62730ea9217e9700a0ad6ac41b7cda,20260809,CHAR,S6-R3,,A2.3,SUCCESS,S6,DESCRIPTION_ONLY,155678,49870,0,,0.6660368818225729
0.6565982171283031,0.475429250869682,2.0,BALANCED,LOGREG,S3-R5-SUMMARY_DESCRIPTION,4f62fdf4164594126c421955804b654cd5d5f8f7b46ada345ae0cffa71460d0f,cd8d8cd30a11a0db0d20,250000,REUSED_FROM_A2.2,5.773117000000639,1,0.45246325949229327,089f7e6446648fbb67d77408f128ea69cee0928cd2d4b60a791b1eefcc5a40fd,0.024118958997860318,85faacae1e7f411d68803653388611c37c62730ea9217e9700a0ad6ac41b7cda,20260809,WORD,S3-R5,4e334c232cd33457da95,A2.3,SUCCESS,S3,SUMMARY_DESCRIPTION,51891,50256,0,,0.6730393669576684
0.6525353785454033,0.5117025065304441,2.0,BALANCED,LOGREG,S3-R5-SUMMARY_DESCRIPTION,4f62fdf4164594126c421955804b654cd5d5f8f7b46ada345ae0cffa71460d0f,e2ed0fda1c5568304ab4,250000,REUSED_FROM_A2.2,16.349645207999856,2,0.47668783061448267,089f7e6446648fbb67d77408f128ea69cee0928cd2d4b60a791b1eefcc5a40fd,0.02448625000033644,85faacae1e7f411d68803653388611c37c62730ea9217e9700a0ad6ac41b7cda,20260809,WORD,S3-R5,d3713dd6fce740784daa,A2.3,SUCCESS,S3,SUMMARY_DESCRIPTION,103787,49677,0,,0.6748527481707781
0.6230198516141969,0.5425576089793099,2.0,BALANCED,LOGREG,S3-R5-SUMMARY_DESCRIPTION,4f62fdf4164594126c421955804b654cd5d5f8f7b46ada345ae0cffa71460d0f,82746a120492ce4ae769,250000,REUSED_FROM_A2.2,22.64373825000075,3,0.4795317351959596,089f7e6446648fbb67d77408f128ea69cee0928cd2d4b60a791b1eefcc5a40fd,0.03157574999931967,85faacae1e7f411d68803653388611c37c62730ea9217e9700a0ad6ac41b7cda,20260809,WORD,S3-R5,c7a2aad12ca8206200f0,A2.3,SUCCESS,S3,SUMMARY_DESCRIPTION,155678,49870,0,,0.6553459884106745
0.5908946195479147,0.4576554517893811,2.0,BALANCED,LOGREG,S3-R5-SUMMARY_ONLY,4f62fdf4164594126c421955804b654cd5d5f8f7b46ada345ae0cffa71460d0f,8807b1aad2a7b07608bf,48596,,1.5892823340000177,1,0.41911440623951496,089f7e6446648fbb67d77408f128ea69cee0928cd2d4b60a791b1eefcc5a40fd,0.0031724579966976307,85faacae1e7f411d68803653388611c37c62730ea9217e9700a0ad6ac41b7cda,20260809,WORD,S3-R5,,A2.3,SUCCESS,S3,SUMMARY_ONLY,51891,50256,0,,0.6243696565741301
0.5999959739919882,0.469474905618598,2.0,BALANCED,LOGREG,S3-R5-SUMMARY_ONLY,4f62fdf4164594126c421955804b654cd5d5f8f7b46ada345ae0cffa71460d0f,7144543baa1cc57db5b6,89124,,3.088703125002212,2,0.42995321631031796,089f7e6446648fbb67d77408f128ea69cee0928cd2d4b60a791b1eefcc5a40fd,0.003657417000795249,85faacae1e7f411d68803653388611c37c62730ea9217e9700a0ad6ac41b7cda,20260809,WORD,S3-R5,,A2.3,SUCCESS,S3,SUMMARY_ONLY,103787,49677,0,,0.6323085490000357
0.5917986765590535,0.49082846972475114,2.0,BALANCED,LOGREG,S3-R5-SUMMARY_ONLY,4f62fdf4164594126c421955804b654cd5d5f8f7b46ada345ae0cffa71460d0f,132c7544a55159f35afa,128772,,6.635503749999771,3,0.4395293064363987,089f7e6446648fbb67d77408f128ea69cee0928cd2d4b60a791b1eefcc5a40fd,0.003738584000529954,85faacae1e7f411d68803653388611c37c62730ea9217e9700a0ad6ac41b7cda,20260809,WORD,S3-R5,,A2.3,SUCCESS,S3,SUMMARY_ONLY,155678,49870,0,,0.6267904146720223
0.6539915631964343,0.46123571866075547,2.0,BALANCED,LOGREG,S3-R5-DESCRIPTION_ONLY,4f62fdf4164594126c421955804b654cd5d5f8f7b46ada345ae0cffa71460d0f,a54dab87c5597ed53294,250000,,7.332752750000509,1,0.43972467485097905,089f7e6446648fbb67d77408f128ea69cee0928cd2d4b60a791b1eefcc5a40fd,0.024707624997972744,85faacae1e7f411d68803653388611c37c62730ea9217e9700a0ad6ac41b7cda,20260809,WORD,S3-R5,,A2.3,SUCCESS,S3,DESCRIPTION_ONLY,51891,50256,0,,0.669294568483206
0.6421080177949554,0.5028608934265596,2.0,BALANCED,LOGREG,S3-R5-DESCRIPTION_ONLY,4f62fdf4164594126c421955804b654cd5d5f8f7b46ada345ae0cffa71460d0f,e07744829ce2ff1a90a0,250000,,11.712526999999682,2,0.46662818251817545,089f7e6446648fbb67d77408f128ea69cee0928cd2d4b60a791b1eefcc5a40fd,0.027169167002284667,85faacae1e7f411d68803653388611c37c62730ea9217e9700a0ad6ac41b7cda,20260809,WORD,S3-R5,,A2.3,SUCCESS,S3,DESCRIPTION_ONLY,103787,49677,0,,0.6663621356842997
0.6260276719470623,0.520645187812656,2.0,BALANCED,LOGREG,S3-R5-DESCRIPTION_ONLY,4f62fdf4164594126c421955804b654cd5d5f8f7b46ada345ae0cffa71460d0f,a06566852cd1845ac3fe,250000,,39.265007582998805,3,0.46946888794405,089f7e6446648fbb67d77408f128ea69cee0928cd2d4b60a791b1eefcc5a40fd,0.028326166000624653,85faacae1e7f411d68803653388611c37c62730ea9217e9700a0ad6ac41b7cda,20260809,WORD,S3-R5,,A2.3,SUCCESS,S3,DESCRIPTION_ONLY,155678,49870,0,,0.6565001974135868
0.7640878701050621,0.6620492147946659,2.0,BALANCED,LOGREG,S2-R3-SUMMARY_DESCRIPTION,4f62fdf4164594126c421955804b654cd5d5f8f7b46ada345ae0cffa71460d0f,506a9fbfd21bb2951d27,500000,REUSED_FROM_A2.2,9.639649625001766,1,0.6296928130633986,089f7e6446648fbb67d77408f128ea69cee0928cd2d4b60a791b1eefcc5a40fd,0.06216708299689344,85faacae1e7f411d68803653388611c37c62730ea9217e9700a0ad6ac41b7cda,20260809,WORD_CHAR,S2-R3,189c3bd0100c86d59c3f,A2.3,SUCCESS,S2,SUMMARY_DESCRIPTION,51891,50256,0,,0.7824919494581714
0.7940093000785071,0.6596967627880901,2.0,BALANCED,LOGREG,S2-R3-SUMMARY_DESCRIPTION,4f62fdf4164594126c421955804b654cd5d5f8f7b46ada345ae0cffa71460d0f,2862a182692700dc82b7,500000,REUSED_FROM_A2.2,24.02868191699963,2,0.6393370919501026,089f7e6446648fbb67d77408f128ea69cee0928cd2d4b60a791b1eefcc5a40fd,0.08268562499870313,85faacae1e7f411d68803653388611c37c62730ea9217e9700a0ad6ac41b7cda,20260809,WORD_CHAR,S2-R3,036308eef66eb0df697a,A2.3,SUCCESS,S2,SUMMARY_DESCRIPTION,103787,49677,0,,0.8054057492019482
0.7779426508923201,0.6808840118054634,2.0,BALANCED,LOGREG,S2-R3-SUMMARY_DESCRIPTION,4f62fdf4164594126c421955804b654cd5d5f8f7b46ada345ae0cffa71460d0f,4ef6a0933803ed8f6e40,500000,REUSED_FROM_A2.2,42.7675037500012,3,0.642979416472296,089f7e6446648fbb67d77408f128ea69cee0928cd2d4b60a791b1eefcc5a40fd,0.09252037500118604,85faacae1e7f411d68803653388611c37c62730ea9217e9700a0ad6ac41b7cda,20260809,WORD_CHAR,S2-R3,0e7a978ada30cbef5696,A2.3,SUCCESS,S2,SUMMARY_DESCRIPTION,155678,49870,0,,0.7964383625560386
0.7257839859917223,0.6242203742808468,2.0,BALANCED,LOGREG,S2-R3-SUMMARY_ONLY,4f62fdf4164594126c421955804b654cd5d5f8f7b46ada345ae0cffa71460d0f,0c9973b37bb4fcfef0a2,131715,,1.4147285420003755,1,0.5897535766522993,089f7e6446648fbb67d77408f128ea69cee0928cd2d4b60a791b1eefcc5a40fd,0.015061541998875327,85faacae1e7f411d68803653388611c37c62730ea9217e9700a0ad6ac41b7cda,20260809,WORD_CHAR,S2-R3,,A2.3,SUCCESS,S2,SUMMARY_ONLY,51891,50256,0,,0.7515573276554999
0.759204460816877,0.6309748857995614,2.0,BALANCED,LOGREG,S2-R3-SUMMARY_ONLY,4f62fdf4164594126c421955804b654cd5d5f8f7b46ada345ae0cffa71460d0f,2a7b09e189a11247fd46,214099,,2.991745915998763,2,0.6040158004763632,089f7e6446648fbb67d77408f128ea69cee0928cd2d4b60a791b1eefcc5a40fd,0.007883332997153047,85faacae1e7f411d68803653388611c37c62730ea9217e9700a0ad6ac41b7cda,20260809,WORD_CHAR,S2-R3,,A2.3,SUCCESS,S2,SUMMARY_ONLY,103787,49677,0,,0.7783167335299599
0.7493282534589933,0.649017360192295,2.0,BALANCED,LOGREG,S2-R3-SUMMARY_ONLY,4f62fdf4164594126c421955804b654cd5d5f8f7b46ada345ae0cffa71460d0f,ad39c625c987ecfdfbde,291236,,5.350707207999221,3,0.6103569749545111,089f7e6446648fbb67d77408f128ea69cee0928cd2d4b60a791b1eefcc5a40fd,0.007862083999498282,85faacae1e7f411d68803653388611c37c62730ea9217e9700a0ad6ac41b7cda,20260809,WORD_CHAR,S2-R3,,A2.3,SUCCESS,S2,SUMMARY_ONLY,155678,49870,0,,0.7730368478276357
0.7600286532951289,0.653324555950406,2.0,BALANCED,LOGREG,S2-R3-DESCRIPTION_ONLY,4f62fdf4164594126c421955804b654cd5d5f8f7b46ada345ae0cffa71460d0f,d79055d188f9643836dc,500000,,10.37897187499766,1,0.6227244064911599,089f7e6446648fbb67d77408f128ea69cee0928cd2d4b60a791b1eefcc5a40fd,0.059742375000496395,85faacae1e7f411d68803653388611c37c62730ea9217e9700a0ad6ac41b7cda,20260809,WORD_CHAR,S2-R3,,A2.3,SUCCESS,S2,DESCRIPTION_ONLY,51891,50256,0,,0.7786148604619437
0.7867222255772289,0.6509392015104638,2.0,BALANCED,LOGREG,S2-R3-DESCRIPTION_ONLY,4f62fdf4164594126c421955804b654cd5d5f8f7b46ada345ae0cffa71460d0f,644d81f4457b1ffa650e,500000,,26.61476841699914,2,0.6300176396481258,089f7e6446648fbb67d77408f128ea69cee0928cd2d4b60a791b1eefcc5a40fd,0.08302804100094363,85faacae1e7f411d68803653388611c37c62730ea9217e9700a0ad6ac41b7cda,20260809,WORD_CHAR,S2-R3,,A2.3,SUCCESS,S2,DESCRIPTION_ONLY,103787,49677,0,,0.7993196650708801
0.7716061760577502,0.6719998871522429,2.0,BALANCED,LOGREG,S2-R3-DESCRIPTION_ONLY,4f62fdf4164594126c421955804b654cd5d5f8f7b46ada345ae0cffa71460d0f,6148d4c5501da2e52948,500000,,45.53666941699703,3,0.6346418496192903,089f7e6446648fbb67d77408f128ea69cee0928cd2d4b60a791b1eefcc5a40fd,0.09386437500143074,85faacae1e7f411d68803653388611c37c62730ea9217e9700a0ad6ac41b7cda,20260809,WORD_CHAR,S2-R3,,A2.3,SUCCESS,S2,DESCRIPTION_ONLY,155678,49870,0,,0.791028968141281
