c,classifier,configuration_id,fold_macro_f1,high_impact_f1,high_impact_precision,high_impact_recall,legacy_reproduction_guard,mean_accuracy,mean_balanced_accuracy,mean_feature_count,mean_macro_f1,mean_weighted_f1,min_fold_macro_f1,rank,representation_id,stage,std_macro_f1,task,text_view
2.0,LOGREG,S2-C2,0.6257286865|0.6366332875|0.6373470112,0.4078685961572734,0.33760902725367375,0.5165032417490936,PASS,0.7718970482076711,0.6670655739286953,300000.0,0.6332363283818442,0.7900547768813714,0.6257286865092199,1,S2-R1,A2.1,0.005316694791227985,S2,SUMMARY_DESCRIPTION
1.0,LOGREG,S2-C1,0.6219786298|0.6370215944|0.6382546653,0.4160297343045521,0.33087834682693346,0.5617812177330005,PASS,0.7600268648894031,0.6786306961437157,300000.0,0.6324182965177007,0.7829917483378184,0.6219786298366173,2,S2-R1,A2.1,0.007399103379567761,S2,SUMMARY_DESCRIPTION
4.0,LOGREG,S2-C4,0.6257927436|0.6303165363|0.6345564757,0.39470002008394117,0.34023637080363384,0.47119007299956106,PASS,0.7803666229410551,0.6534827599008531,300000.0,0.6302219185608574,0.7941049494421106,0.6257927436171102,3,S2-R1,A2.1,0.0035784041640913346,S2,SUMMARY_DESCRIPTION
0.5,LOGREG,S2-C0.5,0.6156518244|0.6349279375|0.6371017295,0.4207790754335195,0.32323798792424585,0.604366924466325,PASS,0.7467027199380013,0.6882315016998833,300000.0,0.629227163822729,0.7742805997840634,0.6156518244270467,4,S2-R1,A2.1,0.009640149470197892,S2,SUMMARY_DESCRIPTION
0.25,LOGREG,S2-C0.25,0.6086045929|0.6281185530|0.6297975386,0.4186670083682708,0.3130272216902987,0.6336111420850062,PASS,0.732114288633292,0.691614175684153,300000.0,0.6221735615285454,0.7637986046138042,0.6086045929497733,5,S2-R1,A2.1,0.009619162452344905,S2,SUMMARY_DESCRIPTION
2.0,LOGREG,S3-C2,0.4512032731|0.4705153647|0.4732313454,,,,,0.6338851133166569,0.5092180893607184,150000.0,0.4649833277368878,0.6604333683135692,0.4512032731029109,1,S3-R1,A2.1,0.009806853623963697,S3,SUMMARY_DESCRIPTION
4.0,LOGREG,S3-C4,0.4485811269|0.4698856901|0.4726034189,,,,,0.6522483579544899,0.49393511503485915,150000.0,0.4636900786480768,0.6719460446922532,0.4485811269057855,2,S3-R1,A2.1,0.010741099556820973,S3,SUMMARY_DESCRIPTION
1.0,LOGREG,S3-C1,0.4476406939|0.4686724109|0.4693533624,,,,,0.6065042606945181,0.5265772232668113,150000.0,0.4618888223809065,0.6408810654620586,0.44764069385814925,3,S3-R1,A2.1,0.010078782947719382,S3,SUMMARY_DESCRIPTION
0.5,LOGREG,S3-C0.5,0.4391505916|0.4627217375|0.4594063477,,,,,0.5751601387593346,0.5413681043436628,150000.0,0.4537595589110468,0.6161122059764194,0.4391505915727845,4,S3-R1,A2.1,0.010418393909239586,S3,SUMMARY_DESCRIPTION
0.25,LOGREG,S3-C0.25,0.4297508392|0.4467995159|0.4503514796,,,,,0.542648881842728,0.5523284154479717,150000.0,0.4423006115610919,0.5881321877665423,0.4297508391922082,5,S3-R1,A2.1,0.008991725877844371,S3,SUMMARY_DESCRIPTION
0.25,LINEARSVC,S6-C0.25,0.2478590019|0.2722654904|0.2870007594,,,,,0.6759840391154782,0.2864064096737675,150000.0,0.26904175056567076,0.6741686035068429,0.24785900186572962,1,S6-R1,A2.1,0.01614132729667614,S6,SUMMARY_DESCRIPTION
0.5,LINEARSVC,S6-C0.5,0.2460520476|0.2672321137|0.2815433479,,,,,0.6639007550806307,0.27888337946100816,150000.0,0.264942503078344,0.6670930224744142,0.24605204759389612,2,S6-R1,A2.1,0.014579433857686957,S6,SUMMARY_DESCRIPTION
1.0,LINEARSVC,S6-C1,0.2440066780|0.2612991552|0.2735879885,,,,,0.6548079539904359,0.2702666436261767,150000.0,0.25963127388862683,0.6609519121844327,0.2440066779602653,3,S6-R1,A2.1,0.012133970332437525,S6,SUMMARY_DESCRIPTION
2.0,LINEARSVC,S6-C2,0.2381012663|0.2552534326|0.2663279185,,,,,0.6475887757454605,0.26070665196298687,150000.0,0.25322753914811996,0.6554146583970958,0.23810126626369263,4,S6-R1,A2.1,0.01161218205312638,S6,SUMMARY_DESCRIPTION
4.0,LINEARSVC,S6-C4,0.2340940150|0.2485680745|0.2590117248,,,,,0.6411411477314463,0.2523893726937894,150000.0,0.24722460478978817,0.6501642141531033,0.23409401498337912,5,S6-R1,A2.1,0.010216873281028974,S6,SUMMARY_DESCRIPTION
2.0,LOGREG,S2-R3,0.6296928131|0.6393370920|0.6429794165,0.4110752002203071,0.34596341032804684,0.5079322329870218,PASS,0.7786799403586299,0.6675433297960732,500000.0,0.6373364404952657,0.7947786870720527,0.6296928130633986,1,S2-R3,A2.2,0.005605676421814828,S2,SUMMARY_DESCRIPTION
2.0,LOGREG,S2-R2,0.6286711551|0.6387684803|0.6409817878,0.41042279344472393,0.3432218408472197,0.5118452760947796,PASS,0.7763434716306058,0.6677716689708548,400000.0,0.6361404744176173,0.7932045036024884,0.6286711551328739,2,S2-R2,A2.2,0.005358341189796943,S2,SUMMARY_DESCRIPTION
2.0,LOGREG,S2-R6,0.6266534859|0.6375067217|0.6385752170,0.4081521992231087,0.33999295561728465,0.5119524707384017,PASS,0.774179583729135,0.6665459447366388,400000.0,0.6342451415382391,0.7915670199185866,0.6266534859116698,3,S2-R6,A2.2,0.005385805226556244,S2,SUMMARY_DESCRIPTION
2.0,LOGREG,S2-R1,0.6257286865|0.6366332875|0.6373470112,0.4078685961572734,0.33760902725367375,0.5165032417490936,PASS,0.7718970482076711,0.6670655739286953,300000.0,0.6332363283818442,0.7900547768813714,0.6257286865092199,4,S2-R1,A2.2,0.005316694791227985,S2,SUMMARY_DESCRIPTION
2.0,LOGREG,S2-R5,0.6243000291|0.6344381699|0.6375793092,0.4068948089418099,0.33537517704470393,0.5185171835759153,PASS,0.7701396164172404,0.6668598314509504,300000.0,0.6321058360358703,0.7888136407849039,0.6243000290521543,5,S2-R5,A2.2,0.005666548389006396,S2,SUMMARY_DESCRIPTION
2.0,LOGREG,S2-R4,0.6245284809|0.6339507698|0.6353546474,0.4057432501011366,0.33412018537587646,0.5177678614978928,PASS,0.7693876797906478,0.666115258026734,300000.0,0.6312779660544406,0.7882096641383424,0.6245284809299989,6,S2-R4,A2.2,0.004806896446701892,S2,SUMMARY_DESCRIPTION
2.0,LOGREG,S3-R5,0.4524632595|0.4766878306|0.4795317352,,,,,0.6440511490959678,0.509896455459812,250000.0,0.4695609417675785,0.6677460345130403,0.45246325949229327,1,S3-R5,A2.2,0.012145506788029026,S3,SUMMARY_DESCRIPTION
2.0,LOGREG,S3-R6,0.4512931415|0.4733981822|0.4751659011,,,,,0.6415640714622448,0.5068544254517339,250000.0,0.4666190749439849,0.6655911016858015,0.45129314152084604,2,S3-R6,A2.2,0.010861073734994316,S3,SUMMARY_DESCRIPTION
2.0,LOGREG,S3-R4,0.4519437652|0.4713437601|0.4737474341,,,,,0.6349429937690343,0.5097684197858422,149931.0,0.4656783198203213,0.6612157453536549,0.45194376524011876,3,S3-R4,A2.2,0.0097612466499298,S3,SUMMARY_DESCRIPTION
2.0,LOGREG,S3-R1,0.4512032731|0.4705153647|0.4732313454,,,,,0.6338851133166569,0.5092180893607184,150000.0,0.4649833277368878,0.6604333683135692,0.4512032731029109,4,S3-R1,A2.2,0.009806853623963697,S3,SUMMARY_DESCRIPTION
2.0,LOGREG,S3-R3,0.4482310532|0.4651294904|0.4663634939,,,,,0.6231156650007174,0.5090364328315252,150000.0,0.45990801247167173,0.6523590956801647,0.4482310531731008,5,S3-R3,A2.2,0.008272211514734534,S3,SUMMARY_DESCRIPTION
2.0,LOGREG,S3-R2,0.4315689811|0.4427169554|0.4502709686,,,,,0.566334232876141,0.522951589236257,93223.33333333333,0.44151896837237486,0.6091964534933866,0.431568981104043,6,S3-R2,A2.2,0.007681903577968643,S3,SUMMARY_DESCRIPTION
0.25,LINEARSVC,S6-R3,0.2488606279|0.2729524535|0.2894635448,,,,,0.6752523836151939,0.28893317587321304,150000.0,0.27042554206817904,0.6740098841771722,0.24886062791511598,1,S6-R3,A2.2,0.01667209597558349,S6,SUMMARY_DESCRIPTION
0.25,LINEARSVC,S6-R6,0.2485086131|0.2708978420|0.2909400425,,,,,0.679005881226971,0.28579262156779284,250000.0,0.2701154991825157,0.6752544565855262,0.24850861307884384,2,S6-R6,A2.2,0.017331389555531155,S6,SUMMARY_DESCRIPTION
0.25,LINEARSVC,S6-R2,0.2500772814|0.2699432635|0.2895797548,,,,,0.6712220555732156,0.2905628593281762,150000.0,0.26986676655972536,0.6716078912399638,0.2500772813881048,3,S6-R2,A2.2,0.016126907946995863,S6,SUMMARY_DESCRIPTION
0.25,LINEARSVC,S6-R5,0.2464597121|0.2725268643|0.2886185694,,,,,0.6827603165100068,0.28254347390706164,250000.0,0.26920171527966047,0.677191337429257,0.2464597120901955,4,S6-R5,A2.2,0.01737114034755978,S6,SUMMARY_DESCRIPTION
0.25,LINEARSVC,S6-R1,0.2478590019|0.2722654904|0.2870007594,,,,,0.6759840391154782,0.2864064096737675,150000.0,0.26904175056567076,0.6741686035068429,0.24785900186572962,5,S6-R1,A2.2,0.01614132729667614,S6,SUMMARY_DESCRIPTION
0.25,LINEARSVC,S6-R4,0.2476341479|0.2719770644|0.2872136082,,,,,0.6761436359889622,0.28618276879972976,150000.0,0.26894160684663376,0.6741789075869589,0.24763414792365937,6,S6-R4,A2.2,0.016300182426939574,S6,SUMMARY_DESCRIPTION
2.0,LOGREG,S2-R3-SUMMARY_DESCRIPTION,0.6296928131|0.6393370920|0.6429794165,0.4110752002203071,0.34596341032804684,0.5079322329870218,PASS,0.7786799403586299,0.6675433297960732,500000.0,0.6373364404952657,0.7947786870720527,0.6296928130633986,1,S2-R3,A2.3,0.005605676421814828,S2,SUMMARY_DESCRIPTION
2.0,LOGREG,S2-R3-DESCRIPTION_ONLY,0.6227244065|0.6300176396|0.6346418496,0.39843325757705833,0.33398216352113536,0.49496108677941963,PASS,0.7727856849767027,0.6587545482043708,500000.0,0.6291279652528586,0.7896544978913683,0.6227244064911599,2,S2-R3,A2.3,0.004905779114150367,S2,DESCRIPTION_ONLY
2.0,LOGREG,S2-R3-SUMMARY_ONLY,0.5897535767|0.6040158005|0.6103569750,0.3624326658601124,0.29262007342332647,0.47669072552237884,FAIL,0.7447722334225308,0.6347375400909011,212350.0,0.6013754506943912,0.7676369696710319,0.5897535766522993,3,S2-R3,A2.3,0.008616015731503187,S2,SUMMARY_ONLY
2.0,LOGREG,S3-R5-SUMMARY_DESCRIPTION,0.4524632595|0.4766878306|0.4795317352,,,,,0.6440511490959678,0.509896455459812,250000.0,0.4695609417675785,0.6677460345130403,0.45246325949229327,1,S3-R5,A2.3,0.012145506788029026,S3,SUMMARY_DESCRIPTION
2.0,LOGREG,S3-R5-DESCRIPTION_ONLY,0.4397246749|0.4666281825|0.4694688879,,,,,0.6407090843128174,0.49491393329999034,250000.0,0.4586072484377348,0.6640523005270308,0.43972467485097905,2,S3-R5,A2.3,0.013402265748088612,S3,DESCRIPTION_ONLY
2.0,LOGREG,S3-R5-SUMMARY_ONLY,0.4191144062|0.4299532163|0.4395293064,,,,,0.5942297566996522,0.47265294237757677,88830.66666666667,0.42953230966207717,0.6278228734153961,0.41911440623951496,3,S3-R5,A2.3,0.008339660637263402,S3,SUMMARY_ONLY
0.25,LINEARSVC,S6-R3-SUMMARY_DESCRIPTION,0.2488606279|0.2729524535|0.2894635448,,,,,0.6752523836151939,0.28893317587321304,150000.0,0.27042554206817904,0.6740098841771722,0.24886062791511598,1,S6-R3,A2.3,0.01667209597558349,S6,SUMMARY_DESCRIPTION
0.25,LINEARSVC,S6-R3-DESCRIPTION_ONLY,0.2353396825|0.2588861874|0.2751364542,,,,,0.6730529530395492,0.27429394641868016,150000.0,0.25645410803604757,0.6701221235197924,0.23533968254008175,2,S6-R3,A2.3,0.016337727631802194,S6,DESCRIPTION_ONLY
0.25,LINEARSVC,S6-R3-SUMMARY_ONLY,0.2377177972|0.2441656549|0.2591296945,,,,,0.6691863402927671,0.2699608323735408,121266.33333333333,0.24700438217598117,0.6621070110524313,0.23771779718547506,3,S6-R3,A2.3,0.008968876405973684,S6,SUMMARY_ONLY
